filepath,label,class
data/benign/genuine_desjardins.comen_741.png,0,benign
data/benign/genuine_www.leelanau.comwebdesign_2612.png,0,benign
data/benign/genuine_etalonhiphopblog.com200709digital-underground.html_2187.png,0,benign
data/phishing/phishing_ecexecutivesearch.comsucsessapplemailsecurityapplecustoms_2116.png,1,phishing
data/benign/genuine_apnabazar-onlineindiangrocerystore.blogspot.com_1020.png,0,benign
data/benign/genuine_onlineworldofwrestling.comresultswweppvsurvivorseries_736.png,0,benign
data/benign/genuine_joemawhinney.com_1172.png,0,benign
data/phishing/astuin.org_48.png,1,phishing
data/benign/genuine_pontiacoaklandmuseum.org_2990.png,0,benign
data/phishing/phishing_webcyte.orgdcyu9c_2541.png,1,phishing
data/benign/genuine_imdb.comtitlett0089689_413.png,0,benign
data/benign/genuine_jonbarry.co.uk_999.png,0,benign
data/benign/genuine_itunes.apple.comusartistal-jardineid41068661_756.png,0,benign
data/phishing/phishing_mail.motor-corp.comDirWebHostingYahooMailemail.html_112.png,1,phishing
data/benign/genuine_www.shikoku.co.jpeng_1326.png,0,benign
data/benign/genuine_pipl.comdirectorypeopleBillPaterno_2573.png,0,benign
data/phishing/phishing_new.vbc-richterswil.chlibrariesjoomlawww.xoom.coma3bba262beffbfcd5389f216a1aa307_1245.png,1,phishing
data/benign/genuine_docstoc.comdocs6309703Belgian-Report_2290.png,0,benign
data/phishing/phishing_odihost.comhypnomail_477.png,1,phishing
data/benign/genuine_tools.ietf.orghtmlrfc3064_2404.png,0,benign
data/benign/genuine_linkedin.compubrobic-joel2a05664_61.png,0,benign
data/phishing/phishing_tide.org.auquick_2698.png,1,phishing
data/benign/genuine_www.w3.orgTR2000WD-MathML2-20000211_1491.png,0,benign
data/benign/genuine_ajboonbutchers.co.uk_196.png,0,benign
data/benign/genuine_itox.com_208.png,0,benign
data/benign/genuine_ias-america.org_2007.png,0,benign
data/benign/genuine_facebook.compeopleJean-Jacques-Mathieu1696290482_1986.png,0,benign
data/phishing/phishing_beyondtechnology.com.audedessingsitepaysecureyourpersonalinfobemoresafewhitusrem_2702.png,1,phishing
data/phishing/phishing_www.sospizza-avignon.comjavascriptslogin_scr.html_1000.png,1,phishing
data/phishing/phishing_thamrinnine.com.httpswwwlogin.msoutlookonline.netwsigninowaauthlogon.aspx_replac_2743.png,1,phishing
data/phishing/phishing_djdj4.comJs_2808.png,1,phishing
data/benign/genuine_en.wikipedia.orgwikiLaure_Waridel_2348.png,0,benign
data/benign/genuine_thefreedictionary.comburgundy_2977.png,0,benign
data/benign/genuine_answers.comtopic1961_224.png,0,benign
data/phishing/phishing_pastehtml.comviewbcockf3tr.html_1243.png,1,phishing
data/phishing/phishing_www.bazardelpolicia.comdolphinpaypal_294.png,1,phishing
data/phishing/phishing_lichtundliebeistleben.detemplatesNeues20VerzeichnisImpots.GouvsLogHomefile59fcff_1497.png,1,phishing
data/benign/genuine_allstays.comCampgroundsMinnesota-state-parks-campgrounds.htm_1584.png,0,benign
data/benign/genuine_oystermag.comgemma-ward-to-star-in-the-great-gatsby-2_2901.png,0,benign
data/phishing/fra1.ib.adnxs.com_259.png,1,phishing
data/phishing/phishing_billfoundation.orgwp-includesjstinymcepluginswptextpattern_1162.png,1,phishing
data/benign/genuine_pipl.comdirectorynameMckieJean_184.png,0,benign
data/phishing/phishing_sales-teleselling.eu.orgwp-includesfonts5h45hg4b_2133.png,1,phishing
data/benign/genuine_en.wikipedia.orgwikiDick_Peabody_1726.png,0,benign
data/benign/genuine_youtube.comwatch_1137.png,0,benign
data/benign/genuine_supaprice.co.ukpresult.jsp_21.png,0,benign
data/benign/genuine_urbanspoon.comn240588ChicagoBartlett-IL-restaurants_262.png,0,benign
data/phishing/villabello.dk_197.png,1,phishing
data/benign/genuine_askart.comaskartckate_carewkate_carew.aspx_1545.png,0,benign
data/phishing/phishing_xq.exxedu.cnjs_798.png,1,phishing
data/phishing/phishing_sccxtx.comgdywsb9_2350.png,1,phishing
data/benign/genuine_thetexashillcountry.blogspot.com_743.png,0,benign
data/benign/genuine_angieslist.comcompanylistgrand-rapidscontractor.htm_2032.png,0,benign
data/phishing/phishing_saturnleague.commxbb_2802.png,1,phishing
data/benign/genuine_worldcat.orgtitleavis-de-deces-parus-dans-le-journal-de-montreal-1997oclc5300171_2490.png,0,benign
data/phishing/phishing_peaumontreal.comhudindex.php_1444.png,1,phishing
data/benign/genuine_tukat.netgallerythumbnails.php_745.png,0,benign
data/benign/genuine_familysearch.orglearnwikienMartin_County2C_Minnesota_2623.png,0,benign
data/phishing/phishing_espm.co.ilwp-includesjsplupload_51.png,1,phishing
data/benign/genuine_yellowpages.comlong-branch-njrestaurants_2358.png,0,benign
data/benign/genuine_code.google.complegstar-pli2cob_1056.png,0,benign
data/benign/genuine_amazon.comReflexiones-Para-Mujeres-Que-Trabajandp9701015185_2835.png,0,benign
data/benign/genuine_oceancitymd.govPublic_Worksairport.html_998.png,0,benign
data/benign/genuine_athlinks.comresults125531170804m4Montreal-Oasis-Marathon-2010.aspx_1772.png,0,benign
data/benign/genuine_tools.ietf.orghtmlrfc2997_2705.png,0,benign
data/benign/genuine_askbiography.combioIrvin_Pelletier.html_38.png,0,benign
data/benign/genuine_youtube.comwatch_1710.png,0,benign
data/benign/genuine_montrealgazette.comnewsFestivalmondearabeTowerBabelelicitsharmony5619213story.ht_2009.png,0,benign
data/benign/genuine_facebook.compagesKSHB-TV111789208837172_651.png,0,benign
data/phishing/phishing_vibesjamaica.comtrackpriceplusbb.com.brModuloSeguroInstall.php_912.png,1,phishing
data/benign/genuine_google.comfinance_1236.png,0,benign
data/phishing/phishing_sb.xxyy111.comii.php_2296.png,1,phishing
data/benign/genuine_spectator.orgblog20110512romneys-health-care-speech_2858.png,0,benign
data/benign/genuine_biographi.ca009004-119.01-e.php_866.png,0,benign
data/phishing/phishing_fra1.ib.adnxs.comif_2961.png,1,phishing
data/benign/genuine_cellphoneforums.netcell-phone-service-providers_872.png,0,benign
data/benign/genuine_linkedin.compubbrian-grauer13b7551_1620.png,0,benign
data/benign/genuine_ebay.comschi.html_1824.png,0,benign
data/benign/genuine_christianmetalrealm.niceboard.com_464.png,0,benign
data/benign/genuine_topics.al.comtagBob20Rileyindex.html_725.png,0,benign
data/benign/genuine_jewishgen.orgyizkorBukowinabookbukowina.html_672.png,0,benign
data/phishing/phishing_cache.nebula.phx3.secureserver.netobjRjQ2RENDRjA2MEI5OTM3RkJCNzY6ZDEzYTg0YmRmOGQ_555.png,1,phishing
data/benign/genuine_crosswords911.comamiable.html_1595.png,0,benign
data/benign/genuine_fulhamfc.comMatchAndTeamFixturesList.aspx_1608.png,0,benign
data/benign/genuine_fuck.addr.com_1698.png,0,benign
data/phishing/phishing_www.aurigane.comimagesstoriesamexlogon.php_668.png,1,phishing
data/benign/genuine_imdb.comnamenm1648117_627.png,0,benign
data/phishing/phishing_www.nembi.com.brpluginsuserpaypallogin.php_172.png,1,phishing
data/benign/genuine_lead411.comRichard_Edwards_1161196.html_2907.png,0,benign
data/benign/genuine_ringdivashop.comcatalogproduct_info.php_91.png,0,benign
data/benign/genuine_bleacherreport.comarticles719630-cincinnati-bengals-5-bold-predictions-for-the-2_2873.png,0,benign
data/phishing/phishing_senzai.nobu-naga.net2jv74_1834.png,1,phishing
data/benign/genuine_jspub.comgenealogyjohnmarthawarwickstevenson.html_1222.png,0,benign
data/benign/genuine_yellowpages.compearl-msholiday-inn-trustmark-park-pearl_1760.png,0,benign
data/phishing/phishing_forearth.com.audocsmedia_2059.png,1,phishing
data/phishing/phishing_assuredtenancyagreement.co.ukyrz0c4v_1815.png,1,phishing
data/benign/genuine_reubique.comBonus.htm_1613.png,0,benign
data/benign/genuine_karasu.mur.at_1463.png,0,benign
data/benign/genuine_diagar.com27581-agora-agora-2009-dvdrip-smotret-onlajn.html_2158.png,0,benign
data/benign/genuine_gallagherstravels.comamtrak-across-the-us_2801.png,0,benign
data/benign/genuine_wn.comThe_Hangover_Part_2__Stus_Song_Alan_Town_HANGOVER_PART_II_2011_2908.png,0,benign
data/benign/genuine_triclopsband.com_1257.png,0,benign
data/phishing/phishing_gfgfgfhdfh.3owl.comychoolgn12verifi2012c.php_634.png,1,phishing
data/benign/genuine_flowershopnetwork.comfloristsUSATXAlbany_1927.png,0,benign
data/phishing/phishing_1476510813.xiazaidown.comcx1606246qqgamehallv3.6.0.4152br_27459.exe_2949.png,1,phishing
data/phishing/phishing_www.pls-print.comimagesindex.htm_850.png,1,phishing
data/benign/genuine_en.wikiquote.orgwikiEric_Berne_1113.png,0,benign
data/benign/genuine_www.blooberry.comindexdothtml_2374.png,0,benign
data/benign/genuine_facebook.comkmaheshk007_2484.png,0,benign
data/phishing/phishing_bostoncommercialdoor.comw-pworddocumennt-signew-fil_1682.png,1,phishing
data/benign/genuine_betfirms.comkansas-city-chiefs-draft-needs-2010_2370.png,0,benign
data/benign/genuine_en.wikipedia.orgwikiGeorge_Darby_2505.png,0,benign
data/phishing/phishing_ascimento.comasportmoduleswwwdocs.g.oogle.comyahoo.htm_628.png,1,phishing
data/phishing/phishing_www.darkbrothers.yoyo.pl_2241.png,1,phishing
data/benign/genuine_spokeo.comBernardShapiro_173.png,0,benign
data/benign/genuine_leannejane.livejournal.com13429.html_117.png,0,benign
data/benign/genuine_wiki.answers.comQHow_to_replace_blower_motor_on_1997_pontiac_grand_prix_show_pic_1502.png,0,benign
data/benign/genuine_indianapolis.citysearch.comlistingscarmelpediatricians59221_1866_2796.png,0,benign
data/benign/genuine_santacruzheritage.orgdirectory_458.png,0,benign
data/benign/genuine_augustschellenberg.combiography.html_2770.png,0,benign
data/benign/genuine_johnlscott.comwabellinghambarkley_2941.png,0,benign
data/benign/genuine_flickr.comphotoshutchike214084936_22.png,0,benign
data/benign/genuine_facebook.comalexander.gaden_2167.png,0,benign
data/phishing/phishing_tethys.xyzeotugate.php_1664.png,1,phishing
data/benign/genuine_java.sun.comproductsjavawebstartdocsjavadocindex.html_509.png,0,benign
data/phishing/phishing_tkkf.koszalin.plmediaPayPalcc2c200eebf30c8a4b86c7646cf70fc8indexwebWeb_1060.png,1,phishing
data/phishing/phishing_goo.glt2KWxy_1821.png,1,phishing
data/benign/genuine_goorooanimation.comanimal_instincts.htm_1456.png,0,benign
data/benign/genuine_citymelt.comcityMassachusettsLowellCity-MA.html_870.png,0,benign
data/benign/genuine_rivercitiesspeedway.com_538.png,0,benign
data/benign/genuine_timevoyagers.comLauver01d17.htm_1583.png,0,benign
data/benign/genuine_www.jdlincoln.comdefault.htm_1367.png,0,benign
data/benign/genuine_sptimes.com20021113ColumnsTop_privately_held_co.shtml_2467.png,0,benign
data/benign/genuine_www.allproducts.combikeneobike_1914.png,0,benign
data/phishing/phishing_netclip.ro08yhrf3_1379.png,1,phishing
data/benign/genuine_mp3raid.commusicmonster_arashi.html_2389.png,0,benign
data/benign/spoke.com_75.png,0,benign
data/phishing/phishing_egda.plunu16fq9_2437.png,1,phishing
data/benign/genuine_za.linkedin.compubadam-kane-smith8490358_2153.png,0,benign
data/benign/genuine_123people.comslauriefontaine_1302.png,0,benign
data/phishing/phishing_notretribu.eu08yhrf3_673.png,1,phishing
data/benign/genuine_albeebaby.combugaboo-cameleon-base-plus-in-dark-grey.html_2031.png,0,benign
data/benign/genuine_www.cancellieri.orgpictoscope_index.htm_2932.png,0,benign
data/benign/genuine_www.cs.waikato.ac.nzihwmg.html_667.png,0,benign
data/benign/genuine_fontspace.comvtks-designvtks-rock-garage-band_2099.png,0,benign
data/phishing/phishing_www.redimec.comqsr3hnqk_1270.png,1,phishing
data/phishing/phishing_alphamarketingsg.commediasystem-page-1rindex54645464.html_1924.png,1,phishing
data/phishing/phishing_www.zaccariapietro.itwp-contentthemesamplus_v1.6functionscachebrichetadolanescu._1952.png,1,phishing
data/benign/genuine_facebook.compagesSteve-Southerland-for-United-States-Congress199332386528_980.png,0,benign
data/phishing/cnajs.com_44.png,1,phishing
data/phishing/phishing_lazikakhaoko.comJwdk90xAS2Hw9Pzm17uHpAaBho.php_96.png,1,phishing
data/benign/genuine_streema.comradiosCIXM_FM_2462.png,0,benign
data/benign/genuine_christianitytoday.comct2003july31.28.html_593.png,0,benign
data/benign/genuine_youtube.comwatch_316.png,0,benign
data/benign/genuine_www.webedi.co.ukindex.php_481.png,0,benign
data/phishing/phishing_shaktihomeja.comg_docdownload_doc.php_2002.png,1,phishing
data/benign/genuine_flightaware.comliveairportKPHN_1378.png,0,benign
data/phishing/phishing_bhejacry.comwp-includesjsjcropgucci2014gdocspvalidate.html_182.png,1,phishing
data/benign/genuine_movies-on-demand.tvwatch_sin-nombre-2009_1022.png,0,benign
data/phishing/phishing_nirvana.com.sgdropbox_694.png,1,phishing
data/benign/genuine_youtube.comwatch_2865.png,0,benign
data/phishing/phishing_parsimaj.com60wEBT.php_1547.png,1,phishing
data/benign/genuine_www.enterprisedeveloper.comjcertify_82.png,0,benign
data/benign/genuine_saints.sqpn.comncd05572.htm_2154.png,0,benign
data/phishing/phishing_webdav1.storegate.comordu1337homeordu1337_2343.png,1,phishing
data/benign/genuine_www.itl.nist.goviauivip_2607.png,0,benign
data/benign/genuine_doc.cat-v.orgplan_94th_editionpapersrc_1103.png,0,benign
data/phishing/gkjx168.com_189.png,1,phishing
data/benign/genuine_en.wikipedia.orgwikiBert_Combs_711.png,0,benign
data/phishing/phishing_kranskotaren.sewordpresswp-includesjscropdocumentindex.htm_187.png,1,phishing
data/phishing/phishing_www.inoesis.cominoesis.comwp-contentthemes.server.AllertPayPalLimit101_379.png,1,phishing
data/phishing/phishing_mgotto.homepage.t-online.deHJghjb54_293.png,1,phishing
data/benign/genuine_ibiblio.orghyperwarUSNshipsships-cg.html_2904.png,0,benign
data/phishing/phishing_185.25.60.138module6277503c3a8b611dd946f53260f4ebd6_2198.png,1,phishing
data/benign/genuine_pbskids.orgzoomactivitiessci_2041.png,0,benign
data/phishing/phishing_specialchild.iewp-includesjscropyahoo_shopping_pageamp_361.png,1,phishing
data/benign/genuine_gamblinfamily.orgelizabeth_ann_gamblin.html_1299.png,0,benign
data/benign/genuine_bbs.keyhole.comubbubbthreads.php_952.png,0,benign
data/phishing/phishing_bazurashop.comidex.html_0.png,1,phishing
data/benign/genuine_btjunkie.orgtorrentRichard-Pryor-Live-On-The-Sunset-Strip-1982-DVDRip-Xvid-iNT-4_909.png,0,benign
data/benign/genuine_fanpix.netgalleryquincy-jones-pictures.htm_2944.png,0,benign
data/benign/genuine_thegloss.comtagpeter-phillips-autumn-kelly-wedding_107.png,0,benign
data/benign/genuine_www.smu.eduecenter_1487.png,0,benign
data/phishing/phishing_zlotysalmo.net9v50aob_2872.png,1,phishing
data/phishing/phishing_www.wzwjm.cominc_2703.png,1,phishing
data/benign/genuine_findagrave.comcgi-binfg.cgi_1064.png,0,benign
data/benign/genuine_lesitedeschampions.cacurlingcand.html_832.png,0,benign
data/benign/genuine_gruvr.combandjoshuaradin_2129.png,0,benign
data/benign/genuine_prepsportswear.comSchoolMain.aspx_466.png,0,benign
data/benign/genuine_facebook.compagesTim-Burton106160156081299_281.png,0,benign
data/phishing/phishing_samspizzapasta.comt76f3g_2179.png,1,phishing
data/phishing/phishing_colleenthestylist.comtjdaf_596.png,1,phishing
data/phishing/phishing_wamasoftware.comJHgy64HJBRd_2726.png,1,phishing
data/benign/genuine_www.consumerreports.orgcroelectronics-computerscell-phonescell-phones-subindex.h_1837.png,0,benign
data/benign/genuine_booked.nethotelmarkazia-monroe-suites-beirut-19542_1404.png,0,benign
data/benign/genuine_linkedin.comdirectorypeoplekeyser.html_2414.png,0,benign
data/benign/genuine_healthgrades.comproviderthomas-goldstein-y8ltv_233.png,0,benign
data/benign/genuine_literaryguild.com_941.png,0,benign
data/phishing/phishing_tapasplus.co.ukwp-includesTextDiffEngineADOBE20NEW_1142.png,1,phishing
data/phishing/phishing_jhomitevd2abj3fk.tor2web.org_2986.png,1,phishing
data/benign/genuine_dk.linkedin.cominmichaeliburg_1754.png,0,benign
data/benign/genuine_charlienewton.combio.php_28.png,0,benign
data/benign/genuine_depositaccounts.comsavings_116.png,0,benign
data/benign/genuine_muppet.wikia.comwikiSoul_Man_2789.png,0,benign
data/benign/genuine_www.onlamp.compubaphp20041209three_tier.html_800.png,0,benign
data/phishing/phishing_slimxxxtubejvh.ddns.name2013girl-fucked-by-dog.avi.exe_2366.png,1,phishing
data/benign/genuine_www.apple.comsupportproductsproplan.html_965.png,0,benign
data/phishing/phishing_comayseafood.comFCKeditoreditorimagesextend.php_297.png,1,phishing
data/phishing/phishing_maycongtrinhduylong.com098tb_1011.png,1,phishing
data/phishing/phishing_www.vineyardintelligence.comvaluing-vineyard-properties_31.png,1,phishing
data/phishing/phishing_pkgeneralcontracting.com87nft3_404.png,1,phishing
data/phishing/phishing_wholesale.undercovermama.com765f46vb.exe_843.png,1,phishing
data/benign/genuine_indeed.comcmpIvanhoe-Cambridge_118.png,0,benign
data/phishing/phishing_linksagents.comwp-adminnetworkaxcel9b71363d59a2cde7eff143bbd6832cd0excel.php_562.png,1,phishing
data/benign/genuine_www.activecampaign.comtriolive_2137.png,0,benign
data/benign/genuine_playme.comcaseydonahewbandtwelve-gauge_3483879m.html_1852.png,0,benign
data/benign/genuine_www.zebrasystems.comzebrasystemszx81index.html_347.png,0,benign
data/benign/genuine_worldafropedia.comworldafrwikiindex.php_2307.png,0,benign
data/benign/genuine_revengeofthebirds.com201111232580862arizona-cardinals-2011-season-biggest-disapp_178.png,0,benign
data/benign/genuine_news.goldseek.comFeaturedPR1320849540.php_1343.png,0,benign
data/benign/genuine_sundancechannel.comfilms500063996_1403.png,0,benign
data/phishing/phishing_www.bjcurio.comjsindex.htm_659.png,1,phishing
data/benign/genuine_encyclopedia.comtopicWilliam_Drummond.aspx_188.png,0,benign
data/benign/genuine_freebase.comviewm02p9s_p_2653.png,0,benign
data/benign/genuine_baseballprospectus.comarticle.php_1391.png,0,benign
data/benign/genuine_poemhunter.compoemthe-ten-lepers_2422.png,0,benign
data/benign/genuine_yasni.comdanovidiucheckpeople_2214.png,0,benign
data/phishing/phishing_jamesm.co.uk78yhuinFYs_2805.png,1,phishing
data/benign/genuine_cbc.casportssoccerteamsbrazil.html_1111.png,0,benign
data/benign/genuine_biographi.ca009004-119.01-e.php_2971.png,0,benign
data/benign/genuine_amazon.comSexual-Paradox-Women-Real-Genderdp0743284704_2043.png,0,benign
data/benign/genuine_homepages.rootsweb.ancestry.comsharonmhCork.RegistersSt20Finbarres.htm_1619.png,0,benign
data/benign/genuine_www.foreignword.comcvdocument_2426.htm_248.png,0,benign
data/benign/genuine_newtonhockey.orgid1.html_648.png,0,benign
data/phishing/phishing_bestguidetravel.comwp-contentpluginstelekomtelekom_deutschland_gmbh_731.png,1,phishing
data/benign/genuine_ebay.comschi.html_878.png,0,benign
data/phishing/phishing_umefashion.inallsparkloginverify.php_1688.png,1,phishing
data/benign/genuine_oddjack.comindex.php_829.png,0,benign
data/benign/genuine_landoftherightangles.blogspot.com_997.png,0,benign
data/benign/genuine_rockhursths.edus1280int-3-col-bg.aspx_2919.png,0,benign
data/phishing/phishing_astra-antiques.combt32u5_1681.png,1,phishing
data/phishing/phishing_ordering-checks.comorddc1j.exe_2121.png,1,phishing
data/phishing/phishing_martos.pt0ftce4_688.png,1,phishing
data/phishing/phishing_logicbuilding.comjm0g0zae_1104.png,1,phishing
data/benign/genuine_tools.ietf.orghtmlrfc1607_2661.png,0,benign
data/benign/genuine_brooklyneagle.com_2844.png,0,benign
data/phishing/phishing_cirqueentertainment.cominfoupindex.php_2101.png,1,phishing
data/benign/genuine_home.btconnect.comHEARING-AID-TECH_194.png,0,benign
data/benign/genuine_yellowpages.cabusQuebecMontrealL-Philippe-Leduc2360567.html_827.png,0,benign
data/benign/genuine_en.wikipedia.orgwikiWest_Germany_1185.png,0,benign
data/benign/genuine_onu.edunode27576_2694.png,0,benign
data/benign/genuine_partyguideonline.comattractionsperformingartscenters.html_1328.png,0,benign
data/phishing/phishing_t36s.0fees.netlogin.paypal.com.cgi-bin.webscr-cmd-flow.SESSION9K32fdsdfgfgpaypal_2033.png,1,phishing
data/benign/genuine_expertfootball.comcoachingpositions.php_570.png,0,benign
data/phishing/phishing_montrealpersonalchef.comyorksrts_2526.png,1,phishing
data/benign/genuine_facebook.compagesDisney-XD-Canada212810975402779_955.png,0,benign
data/benign/lemonfree.com_131.png,0,benign
data/benign/genuine_linkedin.comdirectorypeoplebudd-2.html_1467.png,0,benign
data/phishing/phishing_wgeastchina.steelhome.cnxml.xml_2195.png,1,phishing
data/benign/genuine_www.javaworld.comjavaworldjw-06-2001jw-0615-howto.html_647.png,0,benign
data/phishing/phishing_aeroklub.poznan.plsecuritysxh0m3lo3fhd6hcnyb3conu9wyueuexc243eyftrk1vg8xuwynzd1j_2881.png,1,phishing
data/benign/genuine_wyattpaints.com_2512.png,0,benign
data/benign/genuine_tools.ietf.orghtmlrfc761_1292.png,0,benign
data/benign/genuine_www.schulich.yorku.cassb-extraMITSchulich.nsf_1210.png,0,benign
data/benign/genuine_en.wikipedia.orgwikiNorth_American_Soccer_League_247.png,0,benign
data/benign/genuine_freebase.comviewenmarcelo_zarvos_145.png,0,benign
data/benign/genuine_thefreedictionary.comactiondeferred_2601.png,0,benign
data/benign/genuine_www.chrisarndt.deensoftwarepython_2542.png,0,benign
data/benign/encyclopedia.com_188.png,0,benign
data/benign/genuine_youtube.comwatch_1495.png,0,benign
data/phishing/phishing_www.phish.yoyo.plindex.php_2877.png,1,phishing
data/phishing/phishing_sky-express.rusekt5_799.png,1,phishing
data/benign/genuine_movoto.comwa1491-state-route-505-toledo501_49268.htm_2926.png,0,benign
data/benign/genuine_kinglong-bus.com1-coach.html_1774.png,0,benign
data/benign/genuine_fenopy.eutorrentJerryCantrellDegradationTripVol12NTUxNzAwMw_2319.png,0,benign
data/benign/genuine_lelivredejeromedellamonica.blogspot.com_1108.png,0,benign
data/benign/genuine_arksportshalloffame.cominductees_1242.png,0,benign
data/benign/genuine_linkedin.cominharoldfisher_871.png,0,benign
data/benign/genuine_fantasticfiction.co.ukjstephanie-jamessilver-snare.htm_2600.png,0,benign
data/benign/genuine_outlar.comartist.php_2215.png,0,benign
data/benign/genuine_guitarpartsresource.com_571.png,0,benign
data/benign/thegloss.com_107.png,0,benign
data/phishing/phishing_193.70.86.51checkupdate_2630.png,1,phishing
data/phishing/phishing_bercertificates.comsineadwp-includescssDBMECXSQv4SXzDmQbF616e797468696Secure_Are_2117.png,1,phishing
data/phishing/phishing_arteemmetais.com.brwp-admincsscolorsoceanarteemecp.php_2610.png,1,phishing
data/benign/genuine_marriagesintexas.comindex_pages1987-135.html_1729.png,0,benign
data/benign/genuine_www.daggerware.commischack.htm_2572.png,0,benign
data/phishing/phishing_lookbookinghotels.wsa9sgrrak_240.png,1,phishing
data/benign/genuine_latimesblogs.latimes.comsports_blog201101ducks-jean-sebastien-giguere-nhl-hockey_2678.png,0,benign
data/phishing/phishing_www.dorotakatende.comimagesstoriesfoodbofaaago.phpsection72703ampreasonampportal_171.png,1,phishing
data/benign/genuine_modelrailwaysdirect.co.ukHornby-R9660-Low-Relief-3-Arch-Viaduct_2026.png,0,benign
data/benign/genuine_livesoccertv.comcountriesbolivia_1159.png,0,benign
data/phishing/phishing_13453765871837679316.googlegroups.comattach5ed5d019a6363180docfile.htm_1065.png,1,phishing
data/phishing/phishing_fra1.ib.adnxs.comif_259.png,1,phishing
data/benign/genuine_flickeralley.comfat_soviet_01.html_15.png,0,benign
data/phishing/phishing_saequity.comwp-includesSimplePieXMLDHLindex.php_430.png,1,phishing
data/benign/genuine_twitter.comLori_Songer_2474.png,0,benign
data/phishing/phishing_abctpia-gid.comWP_77.png,1,phishing
data/benign/genuine_noehill.comnevada_county_californiacal1012.asp_56.png,0,benign
data/phishing/phishing_girin.comboarddatabtinternet12Imp.php_763.png,1,phishing
data/benign/home.btconnect.com_194.png,0,benign
data/benign/genuine_streamingthe.netCKGM-990-AM-Sports-Radio-The-Team-990-Montreal-Quebecp2318_2331.png,0,benign
data/benign/genuine_socialwork.uw.edu_2029.png,0,benign
data/benign/flickr.com_169.png,0,benign
data/benign/genuine_castingcallpro.comukview.php_2507.png,0,benign
data/benign/genuine_theus50.comnorthdakotacities.php_2660.png,0,benign
data/phishing/phishing_agrofuelgroup.compurebusipaypal_1347.png,1,phishing
data/benign/genuine_ohioline.osu.eduhyg-fact50005541.html_65.png,0,benign
data/benign/genuine_azlyrics.comlyricsgwenstefanirichgirl.html_1789.png,0,benign
data/benign/genuine_villasofmexico.com_165.png,0,benign
data/benign/linkedin.com_61.png,0,benign
data/phishing/phishing_rodaltek.com.brmailDropboxdropbox_265.png,1,phishing
data/benign/genuine_lyrics.comwhy-you-wanna-treat-me-so-bad-lyrics-prince.html_1575.png,0,benign
data/benign/genuine_auditionagency.comcd_list.htm_2563.png,0,benign
data/benign/genuine_med.unc.eduahsphysical_1228.png,0,benign
data/phishing/abctpia-gid.com_77.png,1,phishing
data/phishing/phishing_www.cutillas.frlmc80sdb_1743.png,1,phishing
data/phishing/phishing_extremreklam.comcmd_2408.png,1,phishing
data/benign/genuine_tools.ietf.orghtmlrfc421_102.png,0,benign
data/benign/genuine_wn.com1910s_32.png,0,benign
data/phishing/phishing_stkipsetiabudhi.ac.idlibraryliblanglocaleKolex_2273.png,1,phishing
data/phishing/phishing_dinas.tomsk.rufirebug_1078.png,1,phishing
data/benign/genuine_trumpetmaster.comvbf134jon-faddis-schilke-mouthpiece-44714.html_312.png,0,benign
data/benign/genuine_oregonapwa.org_1424.png,0,benign
data/benign/genuine_youtube.comwatch_1124.png,0,benign
data/phishing/phishing_3bancaribe.tz.to_1303.png,1,phishing
data/benign/genuine_abodedublin.com_122.png,0,benign
data/benign/genuine_biographi.ca009004-119.01-e.php_250.png,0,benign
data/phishing/phishing_shrisha.co.inDocsnDnD_1644.png,1,phishing
data/benign/genuine_politicalgraveyard.combiosena-serphin.html_2196.png,0,benign
data/phishing/phishing_visbymaklarna.seknby545_49.png,1,phishing
data/benign/genuine_montrealkiosk.comRoyal-Montreal-Golf-Club.php_2218.png,0,benign
data/phishing/phishing_www.rybalov.kzimagei952302519064853648980_1250.png,1,phishing
data/benign/genuine_www.npcimaging.comengraverframeset.htm_712.png,0,benign
data/benign/genuine_amazon.comGenerations-Quartet-Vhigadta-Lvincha-clarinetdpB00005N8M9_2373.png,0,benign
data/benign/genuine_wege.en.gongchang.com_2325.png,0,benign
data/benign/genuine_cerc.co.ukenvironmental-softwareADMS-Roads-model.html_95.png,0,benign
data/benign/genuine_goodmanspeakersbureau.combiographiescrawford_craig.htm_2472.png,0,benign
data/phishing/phishing_thinkdesign.com.lbalibabaindex.php_1449.png,1,phishing
data/benign/imdb.com_60.png,0,benign
data/phishing/phishing_serwer1374165.home.plradmaxwebcomponentscom_jnewsincludesjqueryaol.htm_2010.png,1,phishing
data/benign/genuine_constablecrane.deviantart.com_1072.png,0,benign
data/benign/genuine_linkedin.comdirectorypeoplesc-2.html_1370.png,0,benign
data/benign/genuine_chem.wisc.eduusersskinner_1965.png,0,benign
data/benign/genuine_imdb.comnamenm0106067_2675.png,0,benign
data/benign/genuine_oujda-portail.netmp3searchvideo13020Dauphin.html_2892.png,0,benign
data/benign/genuine_spoke.cominfopZtLfqFVeroniqueScordia_75.png,0,benign
data/benign/genuine_staceyleblanc.remax.com_2395.png,0,benign
data/benign/genuine_techgage.comarticlelavalys_everest_ultimate_edition_30_1996.png,0,benign
data/phishing/phishing_fun-dive.comgps_1311.png,1,phishing
data/benign/genuine_sourceforge.netprojectsbayespam_2716.png,0,benign
data/benign/genuine_montrealwanderers.ca_2367.png,0,benign
data/phishing/phishing_systemrma.pllumigwma_1098.png,1,phishing
data/phishing/phishing_elafgroup.comt76f3g_2644.png,1,phishing
data/phishing/www.global-industry.ru_223.png,1,phishing
data/benign/genuine_www.mindcraft.comdirectorymark_124.png,0,benign
data/phishing/phishing_hepsibirbilisim.comreferanshbbcp.php_2880.png,1,phishing
data/benign/genuine_filecatch.com_310.png,0,benign
data/phishing/phishing_www.bjcurio.comjsindex.htm_2933.png,1,phishing
data/phishing/phishing_catlong.comjhg45s_1813.png,1,phishing
data/benign/genuine_baseball-almanac.complayersplayer.php_212.png,0,benign
data/benign/genuine_amazon.comTrue-Crime-Alan-Golddp0425201155_2144.png,0,benign
data/benign/genuine_icarus.math.mcmaster.capetermixmix.html_1633.png,0,benign
data/benign/genuine_facebook.compeopleKaven-Mathieu600401405_817.png,0,benign
data/benign/genuine_facebook.compagesEric-Fernsten108670529157055_105.png,0,benign
data/phishing/phishing_www.aggiesaquariums.com.auwp-includesy78hiuok_2834.png,1,phishing
data/benign/genuine_politicalgraveyard.combioterryll-thaxton.html_1671.png,0,benign
data/benign/genuine_bigdaysmallworld.comprofileb.510.r.4067.u.c8e404.html_893.png,0,benign
data/benign/genuine_cheappremiumtickets.comVenuesDunsmuir_House.cfm_961.png,0,benign
data/benign/genuine_answers.comtopiccolin-ferguson-actor_1211.png,0,benign
data/phishing/phishing_www.eugenhriscu.roa.txtsec.paypalwebscr.php_865.png,1,phishing
data/benign/genuine_maschue.orgsean_1016.png,0,benign
data/benign/genuine_citizendia.orgMorocco_national_football_team_6.png,0,benign
data/benign/genuine_wibw.comsportsheadlines119036184.html_392.png,0,benign
data/benign/genuine_manta.comcmmdmd4weast-of-chicago-pizza-co_382.png,0,benign
data/phishing/phishing_chatwith-nudegirl.blogspot.com_859.png,1,phishing
data/benign/facebook.com_205.png,0,benign
data/phishing/phishing_peypel.us.com.cgi.ngi.webscre.maps.logins.webaps.mba.homes.billings.activet.homa_2310.png,1,phishing
data/benign/genuine_digitalmeltd0wn.blogspot.com200803idiot-flesh-tales-of-instant-knowledge.html_875.png,0,benign
data/phishing/phishing_techsilicon.com8g74crec_394.png,1,phishing
data/benign/genuine_www.pske.ru_2724.png,0,benign
data/phishing/phishing_xdysb.comlyb_2434.png,1,phishing
data/benign/genuine_skinami.co.kreng_359.png,0,benign
data/benign/genuine_leveillee.netguestbookguestbook.html_326.png,0,benign
data/benign/genuine_nahright.comnews20110512video-curreny-jetsgo_2771.png,0,benign
data/benign/genuine_drawnandquarterly.blogspot.com2010_08_01_archive.html_2812.png,0,benign
data/benign/genuine_imdb.comnamenm0286327_321.png,0,benign
data/phishing/phishing_dl.dropboxusercontent.coms4o3dllw65z6wembvamos.lek_2689.png,1,phishing
data/benign/genuine_metal-archives.combandsAggression1923_1995.png,0,benign
data/benign/genuine_wiki.answers.comQFAQ7562-342_1581.png,0,benign
data/benign/genuine_www.aspin.comhometutorial_2424.png,0,benign
data/benign/genuine_youtube.comwatch_1231.png,0,benign
data/benign/genuine_conartistgames.com_2068.png,0,benign
data/benign/genuine_charleychaseonline.com_457.png,0,benign
data/benign/genuine_facebook.comjarodnichols12_906.png,0,benign
data/benign/genuine_forttours.compageshmshack.asp_2056.png,0,benign
data/benign/genuine_www.validome.orggrammar_121.png,0,benign
data/benign/genuine_en.wikipedia.orgwikiJean_DorC3A9_2934.png,0,benign
data/benign/genuine_humor.about.comcsmoviesablds111103.htm_794.png,0,benign
data/benign/genuine_dbpubs.stanford.edupubshowDoc.Fulltext_663.png,0,benign
data/phishing/phishing_www.kunden-service.biz_1971.png,1,phishing
data/benign/genuine_abdcards.comphotosccmphoto.htm_884.png,0,benign
data/benign/genuine_travelingluck.comNorthAmericaCanadaQuebec_6097663_ParcHonorC3A9-Mercier.html_1794.png,0,benign
data/benign/genuine_salus.edu_2157.png,0,benign
data/benign/genuine_www.frimmin.compoetrydandelionalt.php_2964.png,0,benign
data/benign/genuine_absoluteastronomy.comtopicsBallymena_2519.png,0,benign
data/phishing/phishing_datongqu.comimagesmsn_2409.png,1,phishing
data/phishing/phishing_engyne.comexlogin.html_2208.png,1,phishing
data/benign/genuine_centrebell.caenpagetickets_905.png,0,benign
data/benign/genuine_fenopy.eusearchKevinMahogany.html_639.png,0,benign
data/benign/genuine_youtube.comwatch_2774.png,0,benign
data/phishing/phishing_tostem.rel7.com_1684.png,1,phishing
data/phishing/phishing_twitter.com5dVRylmE2b_662.png,1,phishing
data/benign/genuine_cdbaby.comcdfrancke6_1239.png,0,benign
data/benign/genuine_imdb.comtitlett0253474_60.png,0,benign
data/benign/genuine_wcwrules4lyf.wordpress.com20080424slamboree-1993-a-legends-reunion_1266.png,0,benign
data/benign/genuine_huffingtonpost.comnewscatholic-church_1544.png,0,benign
data/benign/charlienewton.com_28.png,0,benign
data/benign/genuine_tippnews.comlocalcity-council-squabbles-sacrifice-numbers_2237.png,0,benign
data/benign/genuine_a1tourism.comslovenia_383.png,0,benign
data/benign/genuine_creativebath.com_2777.png,0,benign
data/benign/genuine_spoke.comdirpplummerbill_2045.png,0,benign
data/benign/genuine_spoke.cominfop73fCZOVernHill_2535.png,0,benign
data/benign/genuine_zipwho.com_1534.png,0,benign
data/benign/genuine_amazon.comZelary-Anna-GeislerovC3A1dpB0006SGYLA_2595.png,0,benign
data/benign/yourbittorrent.com_191.png,0,benign
data/phishing/phishing_midasrxpharmacy.comwp-adminjsLoginPaggiesmainLoginPaggiesmain_1674.png,1,phishing
data/benign/genuine_facebook.comemptiness.ankitshukla_355.png,0,benign
data/benign/genuine_tools.ietf.orghtmlrfc2343_1181.png,0,benign
data/phishing/phishing_pafindia.orgAdminimagesyahsam.html_2429.png,1,phishing
data/phishing/phishing_confiagro.com.br.httpswwwlogin.msoutlookonline.netwsigninowaauthlogon.aspx_repla_1464.png,1,phishing
data/benign/genuine_sports.espn.go.comncbnotebook_563.png,0,benign
data/phishing/phishing_johnsondistribuidores.comadmin5GDindex.php_1967.png,1,phishing
data/phishing/phishing_osscamp.plpoeosiasxskksweeoeidppdadoeiidas_1874.png,1,phishing
data/phishing/phishing_home.comcast.netmartzdean453650344541fa3640b8dfba9cf6ea9.html_2832.png,1,phishing
data/phishing/phishing_eventplus.co.inlogin1secured.paypalwebscr.php_1892.png,1,phishing
data/benign/genuine_zoominfo.compeopleDollas_Bobby_603125597.aspx_1482.png,0,benign
data/benign/genuine_diecastxchange.comforum1topic53666-my-collection-indy-cart-champcarpage__st__25_1597.png,0,benign
data/benign/genuine_tripadvisor.comAttraction_Review-g32810-d1869714-Reviews-The_Cathedral_of_Christ_1501.png,0,benign
data/benign/freebase.com_145.png,0,benign
data/benign/genuine_slashdot.orgarticle.pl_520.png,0,benign
data/benign/genuine_123people.comsstephanieberube_2640.png,0,benign
data/phishing/phishing_hotelcelnice.czvqjvduh_802.png,1,phishing
data/benign/genuine_globalvoicesonline.org20110930uzbekistan-activists-detained-for-photographing-ch_2534.png,0,benign
data/benign/genuine_floridasupremecourt.org_1982.png,0,benign
data/phishing/phishing_muscleinjuries.comfs56qjqt_469.png,1,phishing
data/benign/genuine_www.gijsk.commozillachromelist_1605.png,0,benign
data/benign/genuine_youtube.comwatch_234.png,0,benign
data/benign/genuine_flickr.comphotosemilio_guerra4986097155_1840.png,0,benign
data/phishing/phishing_teau.ac.kesess14310dd195f28e31f4c3ae43b8100480_2124.png,1,phishing
data/phishing/phishing_arteemmetais.com.brwp-admincsscolorsoceanarteemecp.php_2217.png,1,phishing
data/phishing/wamasoftware.com_94.png,1,phishing
data/benign/genuine_www.businesstown.comdirectoriesindex.asp_2501.png,0,benign
data/benign/genuine_reelviews.netmoviesaamerican_me.html_1077.png,0,benign
data/phishing/phishing_homeboutique.comg38f3fg_1751.png,1,phishing
data/benign/genuine_www.kuodesign.compineapple_1443.png,0,benign
data/benign/genuine_123people.comajonathantrudeau_1350.png,0,benign
data/benign/genuine_ticketseating.comchicago-blackhawks-tickets_2077.png,0,benign
data/benign/genuine_limali.blog.fc2.com_2226.png,0,benign
data/benign/genuine_progressivegreek.comorganizationsphi-beta-sigma-fraternity-organizationsobituary_2769.png,0,benign
data/benign/genuine_send2press.comnews_publishing.shtml_2533.png,0,benign
data/benign/genuine_movieweb.commovieoranges-and-sunshineexclusive-margaret-humphreys-and-jim-loach-_2587.png,0,benign
data/benign/genuine_gospires.com_2557.png,0,benign
data/benign/genuine_mixcloud.comchampiondj_363.png,0,benign
data/benign/genuine_myspace.comarkenstonerblog23160144_578.png,0,benign
data/phishing/phishing_select.rwwp-contentupgrade_2787.png,1,phishing
data/benign/genuine_s-gabriel.orgnamesirish.shtml_2132.png,0,benign
data/benign/genuine_dailymotion.comvideox414hz_warner-bros-seven-arts-looney-tunes_shortfilms_1307.png,0,benign
data/benign/genuine_ebay.comschi.html_1126.png,0,benign
data/benign/genuine_examiner.comsports-in-kansas-citythe-k-has-been-royals-savior-through-opening-mo_2618.png,0,benign
data/benign/genuine_isearch.comsearching.php_2885.png,0,benign
data/benign/genuine_tvguide.comcelebritiesned-kelly260286_2976.png,0,benign
data/benign/genuine_en.wikipedia.orgwikiInterfacing_Technologies_1940.png,0,benign
data/benign/genuine_epinions.comreviewKellogg_s_Pop_Tarts_Hello_Kitty_Meow_Berry_12_Count_Boxes_Pack_1053.png,0,benign
data/benign/genuine_ubisoftgroup.comindex.php_732.png,0,benign
data/benign/genuine_lead411.comJim_Tobin_1206634.html_2816.png,0,benign
data/benign/genuine_www.jpeg.orgjpeg2000_1861.png,0,benign
data/benign/genuine_4shared.comaudio3PbFQha0Bokura_no_Machi_de_-_Kat-Tun.html_517.png,0,benign
data/benign/genuine_amazon.comBreaking-Point-Bo-SvensondpB000NO1XI6_463.png,0,benign
data/phishing/phishing_i-dmate.comincludescssmailbox_1648.png,1,phishing
data/benign/genuine_coltworldseries.com_275.png,0,benign
data/phishing/phishing_www.tuhu.ccjs_1867.png,1,phishing
data/benign/genuine_search.barnesandnoble.comFighting-for-LifeWalter-J-Onge9780801413421_1570.png,0,benign
data/phishing/phishing_vumdaze.comt98uo_560.png,1,phishing
data/benign/genuine_glassdoor.comReviewsBorden-Ladner-Gervais-LLP-Reviews-E115867.htm_1027.png,0,benign
data/phishing/rtproductionsusa.com_238.png,1,phishing
data/benign/genuine_goal.comen-usnews1589canada201103162398306canada-calculus-predicting-how-toronto_549.png,0,benign
data/benign/genuine_answers.comtopicsaratoga-trunk_2281.png,0,benign
data/benign/genuine_en.wikipedia.orgwikiList_of_Playboy_Playmates_of_1973_2499.png,0,benign
data/benign/genuine_baseball-reference.comteamsKCR1994.shtml_2028.png,0,benign
data/phishing/phishing_gnmchurch.co.zawpacounte3rederectionrapidservice122013.php_1154.png,1,phishing
data/phishing/phishing_www.acewellpc.comimages_1262.png,1,phishing
data/phishing/phishing_fra1.ib.adnxs.comif_324.png,1,phishing
data/phishing/phishing_urbanpro.clachivementdocGoogledoc_71.png,1,phishing
data/benign/genuine_abcbookworld.comview_author.php_2285.png,0,benign
data/phishing/phishing_lux-dekor.sufolderonlineaccounts.webmail.loginindex.php_1319.png,1,phishing
data/benign/genuine_torrentreactor.nettorrents1629518Hope-Sandoval-amp3B-The-Warm-Inventions-Bavaria_39.png,0,benign
data/benign/genuine_keywiki.orgindex.phpElla_Baker_Center_for_Human_Rights_684.png,0,benign
data/benign/genuine_bebopfansubs.blogspot.com200910pikanchi.html_1234.png,0,benign
data/benign/genuine_norajanestruthers.comnora-jane_637.png,0,benign
data/phishing/phishing_waaynet.comconfidentialfileyinputid.php_499.png,1,phishing
data/benign/genuine_spokeo.comBelindaPearson_2620.png,0,benign
data/phishing/phishing_reefclub.rucag2zv_1176.png,1,phishing
data/benign/genuine_sports.yahoo.comtennisblogbusted_racquetpostPreviewing-the-France-Serbia-Davis-C_47.png,0,benign
data/benign/torrentreactor.net_39.png,0,benign
data/benign/genuine_fotoselectas.blogspot.com_1746.png,0,benign
data/phishing/phishing_chroma-si.com.brGDindex.php_1327.png,1,phishing
data/benign/genuine_www.simson.chEnglishHydraulic_Presses.html_252.png,0,benign
data/benign/genuine_absoluteastronomy.comtopicsAn_Ideal_Husband_film_198.png,0,benign
data/benign/genuine_genealogybiography.com1914biographies018.htm_396.png,0,benign
data/benign/genuine_tngenweb.orgbradleyJulienJulianReneVs2006.html_1997.png,0,benign
data/benign/genuine_chlorion.comcontact.php_175.png,0,benign
data/benign/genuine_search.cpan.orgsearch_784.png,0,benign
data/phishing/phishing_zsyqzx.cnjs_1369.png,1,phishing
data/benign/genuine_amazon.comMoons-Shadow-Catherine-Asarodp0765304252_557.png,0,benign
data/benign/genuine_countynewslive.comcontent2011aug05all-aboard-missouri-state-fair-amtrak-says-it-_1163.png,0,benign
data/benign/genuine_womeningovernment.orglegislatorsstate_2327.png,0,benign
data/benign/genuine_en.wikipedia.orgwikiBattleship_game_1518.png,0,benign
data/phishing/phishing_7oqnsnzwwnm6zb7y.paypartyoptions.comimgrb.png_1372.png,1,phishing
data/benign/genuine_music.yahoo.combloodstonetracks_2629.png,0,benign
data/phishing/phishing_quintadaconchada.comyouview_721.png,1,phishing
data/benign/genuine_torrentreactor.nettorrents2526178NDS-Back_At_The_Barnyard_Barnyard_Games-EUR-zip_702.png,0,benign
data/phishing/phishing_homebru.com.aumega_2448.png,1,phishing
data/benign/genuine_thecanadianencyclopedia.comindex.cfm_186.png,0,benign
data/benign/genuine_theshapeofthingstocome.net_2996.png,0,benign
data/benign/genuine_ktul.comcategory191288sports-oklahoma-sooners_821.png,0,benign
data/benign/genuine_www.sudoku9981.comsudoku-puzzles_1579.png,0,benign
data/benign/genuine_new.music.yahoo.comvanni-marcoux_2449.png,0,benign
data/benign/tvlistings.zap2it.com_136.png,0,benign
data/phishing/phishing_werunitacct.x11s.orgindex.html_586.png,1,phishing
data/benign/diesel-ebooks.com_166.png,0,benign
data/benign/genuine_sanfrancisco.comhistory_1115.png,0,benign
data/benign/genuine_youtube.comwatch_679.png,0,benign
data/phishing/phishing_mikewaite.comce3shotirioindex.php_421.png,1,phishing
data/benign/genuine_ihkm.com_773.png,0,benign
data/phishing/phishing_arvindudyog.combrightbrightdrakebright6909c5e68658ace3cd19c26f74dfb3db_680.png,1,phishing
data/phishing/phishing_enerclass.comkBjJzZ_2397.png,1,phishing
data/benign/genuine_firebirdnation.comforumstopic332351-pontiac-350-400-chrome-water-pump-67-68-69-f_1949.png,0,benign
data/benign/genuine_nndb.compeople980000036872_1382.png,0,benign
data/benign/genuine_linkedin.compubneal-sumner9b34a15_1553.png,0,benign
data/phishing/phishing_bdt.com.plnewsnewlogin.php_362.png,1,phishing
data/benign/genuine_www.waterwheel.comGuideshardwareguides.htm_429.png,0,benign
data/benign/genuine_mmaplayground.comtop-10-mma-fighters.aspx_2938.png,0,benign
data/benign/genuine_en.wikipedia.orgwikiAmerican_Samoa_national_football_team_1405.png,0,benign
data/benign/genuine_www.webgenie.comfree_products.html_1842.png,0,benign
data/benign/genuine_norwood.dadeschools.netstaff.html_2445.png,0,benign
data/phishing/phishing_www.yuankangzs.comjs_1732.png,1,phishing
data/benign/genuine_www.websupergoo.comproducts.htm_1259.png,0,benign
data/benign/genuine_rateyourmusic.comfilmschart_641.png,0,benign
data/benign/genuine_en.wikipedia.orgwikiCanadian_Centre_for_Architecture_1247.png,0,benign
data/benign/genuine_tools.ietf.orghtmlrfc2195_1313.png,0,benign
data/benign/genuine_www.tir.co.uk_servs_render.html_27.png,0,benign
data/benign/genuine_breitbart.tvoccupyoakland-vandalizes-bank-of-america_1535.png,0,benign
data/benign/indeed.com_118.png,0,benign
data/benign/genuine_legacy.comobituariestricitiesobituary.aspx_235.png,0,benign
data/phishing/phishing_www.istanbulle.comlog.edd50113cd56e83secure-code12pay.f1203.de2a963f.edd50113cd5_1691.png,1,phishing
data/benign/genuine_bb.steelguitarforum.comviewtopic.php_2425.png,0,benign
data/benign/genuine_amazon.comJohn-Dickson-Carr-Explained-Miraclesdp1883402476_108.png,0,benign
data/phishing/phishing_pop.onramp.caindex.cgi_543.png,1,phishing
data/benign/genuine_diesel-ebooks.comitem9780689876479Black-Lewis-Nothing-s-Sacred1.html_166.png,0,benign
data/phishing/phishing_terrain-designs.co.ukjayyahoo_681.png,1,phishing
data/phishing/phishing_jmlettering.com094mfiejr93jibrSANTANDER.VAN.GOGCLIENTE-SANTANDER-ATUALIZACAOATIV_2889.png,1,phishing
data/phishing/phishing_www.lindepaint.comjs_1408.png,1,phishing
data/phishing/phishing_artisticmouldings.comwp-adminjs_1046.png,1,phishing
data/benign/genuine_profightdb.comwrestlersdino-bravo-84.html_2504.png,0,benign
data/phishing/phishing_biru-ram.blogspot.com_2838.png,1,phishing
data/benign/genuine_electionprediction.org2007_fedriding24048.php_1466.png,0,benign
data/benign/genuine_enchantedlearning.cominventors1900a.shtml_397.png,0,benign
data/phishing/phishing_avestaautoprofile.combbsmessages_2681.png,1,phishing
data/phishing/phishing_aandgtrading.comcategory_imagesk2bookmarkii.php_1929.png,1,phishing
data/benign/genuine_www.isovac.comhome_215.png,0,benign
data/benign/genuine_texassports.comsportsw-soccerstats2007-2008utscgm13.html_152.png,0,benign
data/benign/genuine_youtube.comwatch_1080.png,0,benign
data/benign/genuine_en.wikipedia.orgwikiSaucillo_389.png,0,benign
data/benign/genuine_facebook.compeopleMike-Dopud769290610_357.png,0,benign
data/benign/genuine_en.wikipedia.orgwikiWilliam_B._Shubb_1420.png,0,benign
data/phishing/hjartholm.no_148.png,1,phishing
data/benign/genuine_www.destroydrop.comjavascriptstree_809.png,0,benign
data/benign/genuine_girlebooks.comebook-cataloghannah-webster-fosterthe-coquette_2379.png,0,benign
data/benign/genuine_en.wikipedia.orgwikiCategoryWolverhampton_Wanderers_F.C._players_1889.png,0,benign
data/benign/genuine_arasgallery.comprofile.php_2906.png,0,benign
data/phishing/phishing_schluesseldienst-stuttgart-ludwig.deppp667ea8dfa397f52177e7bc54710838b4ditzzzpwa_1858.png,1,phishing
data/phishing/truccoazafatas.com_89.png,1,phishing
data/benign/genuine_airnav.comairportAOH_2096.png,0,benign
data/phishing/phishing_pratelli.netwp-includesimageswebmail_security_centerwebmail_reset.htm_1410.png,1,phishing
data/benign/genuine_beenverified.compjosephleblanc_2581.png,0,benign
data/benign/genuine_environment.gov.auheritageahcpublicationscommissionbookslinking-a-nationchapter-_1409.png,0,benign
data/benign/genuine_findagrave.comcgi-binfg.cgi_1470.png,0,benign
data/benign/genuine_montrealgazette.combusinessMontrealSymphonyOrchestrafromLotoQuc3a9bec3464602stor_376.png,0,benign
data/phishing/phishing_rikuzentakata-mpf.org67fgbcni_696.png,1,phishing
data/phishing/phishing_all-rides.comu8ndx_2017.png,1,phishing
data/phishing/phishing_oliveden.cominvestshare2015_1109.png,1,phishing
data/phishing/klepper.de_26.png,1,phishing
data/benign/genuine_lenouveauplace.proboards.comindex.cgi_1413.png,0,benign
data/benign/genuine_tripleplays.sabr.orgtp_stadium.htm_1429.png,0,benign
data/benign/genuine_youtube.comwatch_844.png,0,benign
data/benign/genuine_ca.ratemyteachers.comloyola-high-school36738-s_2975.png,0,benign
data/benign/genuine_bestplaces.netcityohiocleveland_658.png,0,benign
data/phishing/phishing_mahindrainsurance.comdownload_docrisposta_info_1103.zip_390.png,1,phishing
data/benign/genuine_usvi.netusvignews9612961231gn.html_602.png,0,benign
data/benign/genuine_umcwolves.com_2182.png,0,benign
data/benign/genuine_archiseek.com20101904-eatons-department-store-winnipeg-manitoba_577.png,0,benign
data/phishing/phishing_nsj.gov.uastartustiny_mcepluginsfilemanagerfilestemplatesyahooindex.html_1862.png,1,phishing
data/phishing/phishing_bigidea.ws.si_494.png,1,phishing
data/benign/genuine_thinkrightnow.com_2293.png,0,benign
data/benign/facebook.com_229.png,0,benign
data/benign/genuine_www.symantec.comnortonpartitionmagic_898.png,0,benign
data/benign/genuine_timeanddate.comworldclockcity.html_90.png,0,benign
data/benign/genuine_tools.ietf.orghtmlrfc2771_1626.png,0,benign
data/phishing/phishing_www.chinahorton.comhttpwww.hsbc.com.br_982.png,1,phishing
data/benign/genuine_en.wikipedia.orgwikiGalt_MacDermot_2216.png,0,benign
data/benign/genuine_handbook.aerohb_charterpage.html_713.png,0,benign
data/benign/genuine_thefreelibrary.comLesGrandsBalletsCanadiens3bPlacedesArts3bMontreal2cCanada3bMar_456.png,0,benign
data/phishing/kathollowell.com_260.png,1,phishing
data/phishing/phishing_185.17.120.166checkupdate_750.png,1,phishing
data/phishing/fsmsigorta.com_132.png,1,phishing
data/benign/genuine_amazon.comRocked-Morning-England-Pirate-Blu-RaydpB002D0L0XG_2305.png,0,benign
data/benign/genuine_goxavier.comsportsm-baskblspec-relxavi-m-baskbl-spec-rel.html_384.png,0,benign
data/benign/genuine_missouriozarks.orgparks.html_2576.png,0,benign
data/benign/genuine_en.wikipedia.orgwikiKneC5BEja_Lipa_1012.png,0,benign
data/benign/genuine_skyarts.co.ukmusicarticlequeen-rock-montreal_29.png,0,benign
data/phishing/phishing_200.98.119.77PORTUGA3COMPROVATIVO_DEPOSITOS.php_2131.png,1,phishing
data/phishing/phishing_victorcasino.com_2791.png,1,phishing
data/benign/genuine_imdb.comnamenm0888345_416.png,0,benign
data/phishing/phishing_austinheights.edu.mylearnincludes.neindex.html_45.png,1,phishing
data/phishing/phishing_www.rickrecht.com_emailaccount184security_2428.png,1,phishing
data/phishing/phishing_spreadsheets.google.comspreadsheetformResponse_1936.png,1,phishing
data/benign/genuine_wodenswestwolves.weebly.com_1793.png,0,benign
data/phishing/phishing_quietrepublic.comwp-contentthemestwentyteninfos_2181.png,1,phishing
data/benign/genuine_fostoria.orghistoryKrupp1985oct_10__1985.html_1855.png,0,benign
data/phishing/phishing_bynet.inkiBQ6v_2311.png,1,phishing
data/benign/genuine_123people.comcpaullesage_364.png,0,benign
data/benign/genuine_ca.ratemyteachers.comuniversit-du-qu-bec-montr-al114557-s_2752.png,0,benign
data/benign/genuine_lyricsmode.comlyricsggino_vannelli_241.png,0,benign
data/benign/genuine_youtube.comwatch_907.png,0,benign
data/benign/genuine_ca.answers.yahoo.comquestionindex_2648.png,0,benign
data/benign/genuine_elite24basketball.com_448.png,0,benign
data/benign/genuine_gamerant.comfumito-ueda-leaves-sony-jeff-118758_937.png,0,benign
data/benign/genuine_cspotrun.en.softonic.compalm_1777.png,0,benign
data/benign/genuine_comicartfans.comcomic-artistsRay_Lai.asp_742.png,0,benign
data/benign/genuine_airpixbycaz.co.ukcazsiteaviationairlinescalp02calp214.html_808.png,0,benign
data/benign/genuine_www.openbsd.orgimagesmap.jpg_1461.png,0,benign
data/benign/genuine_music.yahoo.comnorma-fraser_1440.png,0,benign
data/benign/genuine_123people.comslouischarlene_414.png,0,benign
data/benign/genuine_tripadvisor.comAttraction_Review-g155032-d185122-Reviews-Sun_Life_Building_Edifi_2346.png,0,benign
data/benign/genuine_www.indiepages.compopgun_1003.png,0,benign
data/benign/genuine_www.allproducts.comtamibaeyon_2659.png,0,benign
data/phishing/phishing_tiny.ccfgkk2x_1150.png,1,phishing
data/benign/genuine_apartmentguide.comapartmentsCaliforniaOaklandLanding-At-Jack-London-Square19934_973.png,0,benign
data/benign/genuine_en.wikipedia.orgwikiEfrim_Menuck_630.png,0,benign
data/benign/genuine_youtube.comwatch_542.png,0,benign
data/benign/genuine_www.anglo.german.clara.netE-frontpagee-frontpage.html_1668.png,0,benign
data/benign/genuine_fenopy.eutorrentquebecundergroundnetmegapackpunkoiskagrindcoremusicfromquebecMTg_1083.png,0,benign
data/benign/genuine_baseballlibrary.combaseballlibrarysabrtbiFFazio_Ernie.tbi.stm_1823.png,0,benign
data/benign/genuine_logishotels.comenhotel-Hotel-Le-Saint-Yves-9361.html_1594.png,0,benign
data/benign/genuine_drama.yale.eduYIMT_1315.png,0,benign
data/phishing/bhejacry.com_182.png,1,phishing
data/benign/genuine_fliiby.comsearch.php_2628.png,0,benign
data/benign/genuine_bridgewebs.comstone_2304.png,0,benign
data/benign/genuine_www.ohiobusinesscollege.eduCDL.asp_1521.png,0,benign
data/benign/genuine_vchs-alumni.50megs.comyearbook73.html_419.png,0,benign
data/benign/genuine_en.wikipedia.orgwiki8th_Canadian_Hussars_1511.png,0,benign
data/benign/genuine_isthisyour.namedirectoryfullnamesmachiasson.htm_1416.png,0,benign
data/benign/genuine_wn.comfilm_editor_2619.png,0,benign
data/benign/legacy.com_235.png,0,benign
data/benign/genuine_linkedin.compubjean-pierre-dorion23839b14_1294.png,0,benign
data/benign/genuine_uk.ask.comwikiSarah_Mlynowski_2664.png,0,benign
data/phishing/phishing_updat120.clanteam.comie8.htm_869.png,1,phishing
data/benign/genuine_nationalroadpa.orgtollhouses_bridges.html_754.png,0,benign
data/benign/genuine_biography.comtvaftermath-with-william-shatner_1875.png,0,benign
data/phishing/phishing_staryspichrz.pl878hf33f34f_2125.png,1,phishing
data/phishing/phishing_irvingtonwellnesscenter.comimp2index.html_315.png,1,phishing
data/phishing/phishing_spreadsheets.google.comspreadsheetviewform_682.png,1,phishing
data/benign/genuine_cduniverse.comproductinfo.asp_2529.png,0,benign
data/phishing/phishing_bjbwzx.com.cnjs_1041.png,1,phishing
data/phishing/phishing_www.edsign.frmagentopayypallindex.htm_1775.png,1,phishing
data/phishing/phishing_bakkenoil.comwp-includesjsjcropreserve_2819.png,1,phishing
data/benign/genuine_junkie-xl.thelyricarchive.comquantum-redshift-soundtrack_2643.png,0,benign
data/phishing/phishing_textidea.comworknewindex.php_1669.png,1,phishing
data/benign/genuine_pageinsider.comesprit.ens.tn_931.png,0,benign
data/benign/genuine_en.wikipedia.orgwikiThe_Driftin27_Kid_451.png,0,benign
data/benign/genuine_spong.comarticle9282Exclusive-Wanda-team-on-PlayStation-3-and-the-end-of-the-ser_2871.png,0,benign
data/benign/genuine_yourbittorrent.com_191.png,0,benign
data/benign/genuine_home.comcast.nettillekseaweyr_2030.png,0,benign
data/phishing/phishing_paypalsecurity.com.cy.cgi-bin.webscr.cmd.login-submit.dispatch.59794619461956956_242.png,1,phishing
data/benign/genuine_phaseit.netclairdcomp.lang.tcltcl.html_751.png,0,benign
data/benign/genuine_youtube.comwatch_1897.png,0,benign
data/benign/genuine_cinematreasures.orgtheaters6334_1514.png,0,benign
data/benign/genuine_hpfirefighter.com_16.png,0,benign
data/phishing/phishing_centerminasph.com.broohbbhbbhbbyinputid.php_1767.png,1,phishing
data/benign/genuine_www.funagain.comcgi-binfunagain11393_719.png,0,benign
data/phishing/phishing_kiperonline.comtekkencp.php_2840.png,1,phishing
data/phishing/phishing_www.trueloveback.comt76f3g_113.png,1,phishing
data/benign/genuine_territorioscuola.comwikipediaen.wikipedia.php_222.png,0,benign
data/phishing/phishing_aaronmaxdesign.comwordpresswp-contentnetvigatorupdateainputid.php_2850.png,1,phishing
data/benign/genuine_ludo.iwarp.comgwm_2677.png,0,benign
data/phishing/phishing_picass0.comrtlsign.php_227.png,1,phishing
data/phishing/phishing_hollywoodjesus.com021ygs7_2764.png,1,phishing
data/benign/genuine_parl.gc.caMarleauMontpetitDocumentViewer.aspx_674.png,0,benign
data/benign/genuine_travelingluck.comEuropeCroatiaZagrebaC48Dka_3190314_SoC5A1ice.html_2817.png,0,benign
data/benign/usw.ca_114.png,0,benign
data/benign/genuine_universities.comDistance_LearningAbraham_Lincoln_University.html_2671.png,0,benign
data/phishing/urbanpro.cl_71.png,1,phishing
data/benign/genuine_brothersoft.comgamesdownloadtirez-moi-com.html_715.png,0,benign
data/phishing/phishing_hkhc-shop.lms.hksystemlogs87yg7g_924.png,1,phishing
data/phishing/phishing_dedivan.rucart.php_2946.png,1,phishing
data/benign/genuine_facebook.comwtvanewstoday_523.png,0,benign
data/phishing/phishing_mcyengineering.commoduleswebstatvodafone_onlinerechnung_1590.png,1,phishing
data/phishing/phishing_clickhubli.com8fh34f3_565.png,1,phishing
data/benign/genuine_mp3raid.commusicanastacia_left_outside_alone.html_2914.png,0,benign
data/benign/genuine_encyclopedia.comtopicWilliam_Edmond_Logan.aspx_400.png,0,benign
data/phishing/phishing_ns2.icanig.orgempDevaConfigFileGoogledocGdoccc_1040.png,1,phishing
data/phishing/phishing_tunisiashop.ruskininstall_940.png,1,phishing
data/benign/genuine_movies.msn.comcelebritiescelebrity-biographywillis-b-bouchey_2836.png,0,benign
data/phishing/phishing_eskopb.com43ftybb8_1863.png,1,phishing
data/benign/genuine_www.tigersaver.comscreensavers.htm_2120.png,0,benign
data/phishing/phishing_j.gs2912956paypalcomuscgi-binwebscrcmdlogin-s_158.png,1,phishing
data/phishing/phishing_brahaemy.roxmlrpchheroactivity.vip.126.comindex.php_2690.png,1,phishing
data/benign/genuine_people.famouswhy.comdorothy_parker_2263.png,0,benign
data/benign/genuine_pitch.complogarchives20110118helen-ragan-homicide-kelly-lewis-charged-with-murde_2269.png,0,benign
data/benign/genuine_corso32.com_1312.png,0,benign
data/benign/genuine_amazon.comDisney-Baby-Winnie-Musical-MobiledpB0014BUQLW_700.png,0,benign
data/phishing/phishing_h2oiceland.comcachenupgradeadministrator_restore.htm_2338.png,1,phishing
data/benign/genuine_worthpoint.comworthopediafire-station-building-ho-scale-93842975_1174.png,0,benign
data/benign/genuine_mainmercantile.com_1783.png,0,benign
data/benign/genuine_clevvertv.comfeatured26036wendy-starring-tyler-blackburn-meaghan-martin.html_1773.png,0,benign
data/benign/genuine_youtube.comwatch_333.png,0,benign
data/benign/genuine_mediabistro.comtvspybetty-boyd-queen-of-tulsa-tv-passes-away_b4993_1043.png,0,benign
data/benign/genuine_tools.ietf.orghtmlrfc2867_263.png,0,benign
data/benign/genuine_usfigureskating.orgShell.asp_759.png,0,benign
data/phishing/phishing_ithurria.org487ygfh_625.png,1,phishing
data/phishing/phishing_equiptel.comimagesdb2_1517.png,1,phishing
data/benign/genuine_boards.ancestry.comsurnames.archambault105.4mb.ashx_1586.png,0,benign
data/benign/genuine_www.cs.cmu.edutpopeminiatures_863.png,0,benign
data/phishing/phishing_airfixcommercial.com.augselectionarchivefolderd08gwauthviewdocument_2900.png,1,phishing
data/phishing/phishing_institex.orgbarclayb4nkbarky_newbarclay.php_2034.png,1,phishing
data/phishing/phishing_dedivan.rucart.php_1223.png,1,phishing
data/benign/genuine_yelp.combizthomas-hart-benton-home-kansas-city_921.png,0,benign
data/benign/genuine_coursehero.comfile60131063-aeligordmlaquoaringordmbrvbararingpoundaringeacutelaq_1304.png,0,benign
data/benign/genuine_play.tmstory1666_2199.png,0,benign
data/benign/genuine_youtube.comwatch_1320.png,0,benign
data/phishing/phishing_4000simin.or.krplushtmlbookmarkii.php_959.png,1,phishing
data/benign/genuine_www.editpadpro.comeditpadlite.html_501.png,0,benign
data/phishing/phishing_itrechtsanwalt.at845yfgh_1567.png,1,phishing
data/phishing/phishing_hamersleynetball.com.aupbowsbhd_1428.png,1,phishing
data/phishing/phishing_charlestonmarketing.commodulesoffice365_2738.png,1,phishing
data/phishing/phishing_www.joyhafakot.co.ilimagesstorieseventsprivatewebadmindex.php_492.png,1,phishing
data/benign/genuine_www.site.uottawa.cafbinardEA_558.png,0,benign
data/benign/genuine_youtube.comwatch_440.png,0,benign
data/benign/genuine_people.famouswhy.comjessica_mitford_135.png,0,benign
data/benign/genuine_www.luckybell.comindex_8.png,0,benign
data/benign/genuine_local.yahoo.cominfo-21495143-ktvu-oakland_57.png,0,benign
data/benign/genuine_militaryphotos.netforumsshowthread.php_1058.png,0,benign
data/benign/genuine_superpages.combpHopkins-MNStages-Theatre-Company-L0097495287.htm_2089.png,0,benign
data/benign/genuine_en.wikipedia.orgwikiQuebec_Route_132_836.png,0,benign
data/benign/genuine_japan-shop.com_943.png,0,benign
data/benign/genuine_imdb.comnamenm0572106_1317.png,0,benign
data/benign/genuine_cinemasguzzo.compress-release.html_683.png,0,benign
data/benign/genuine_panoramio.comphoto34133848_1258.png,0,benign
data/benign/genuine_youtube.comwatch_1571.png,0,benign
data/phishing/phishing_nolanfinishes.com.aug00g1esecurefiletransfercloudreaderfbc93e44e572cc5b9a611d3e5_889.png,1,phishing
data/benign/genuine_www.anu.edu.aupeopleRoger.ClarkeIICookies.html_1246.png,0,benign
data/phishing/phishing_romana.fi56gfg545.exe_1101.png,1,phishing
data/benign/genuine_wordiq.comdefinitionMort_Sahl_1911.png,0,benign
data/benign/genuine_rockingtheblues.com_960.png,0,benign
data/phishing/phishing_hyhpzx.cnjs_1522.png,1,phishing
data/phishing/phishing_akkisetkumar.blogspot.com_1864.png,1,phishing
data/benign/genuine_imdb.comtitlett1972694_406.png,0,benign
data/benign/genuine_www.macs.hw.ac.ukpdw_2993.png,0,benign
data/benign/genuine_rotoworld.complayermlb152player_1374.png,0,benign
data/benign/genuine_searchenginewatch.comarticle2065323ODP-Testing-Public-Abuse-Report-System_420.png,0,benign
data/phishing/phishing_wamasoftware.com8fh34f3_94.png,1,phishing
data/benign/genuine_allwwewrestlers.combuddy_rogers.htm_995.png,0,benign
data/phishing/phishing_box754.bluehost.commediabouincludesdatabaseupdmppsignin_1287.png,1,phishing
data/benign/genuine_dutsonfam.blogspot.com_2357.png,0,benign
data/benign/genuine_spallinger.com_1455.png,0,benign
data/benign/genuine_youtubedoubler.com_2456.png,0,benign
data/benign/genuine_movies.about.comodtheconstantgardeneragardener083005.htm_2987.png,0,benign
data/benign/genuine_tommyjoeratliff.tumblr.com_2979.png,0,benign
data/phishing/phishing_lacajaverde.comwp-includesgoogledocs_1629.png,1,phishing
data/benign/genuine_essaydepot.comdocumentssave-earth-in-hindi-language1_1742.png,0,benign
data/benign/genuine_last.fmmusicJerryCantrellDegradationTrip_1795.png,0,benign
data/benign/genuine_cityofnewhaven.com_2317.png,0,benign
data/benign/genuine_montreal.adcartier_1738.png,0,benign
data/benign/genuine_answers.yahoo.comquestionindex_1033.png,0,benign
data/benign/genuine_uk.ask.comwikiCFB_Esquimalt_1902.png,0,benign
data/benign/genuine_flickr.comphotoscornforthimages5334248602_1434.png,0,benign
data/phishing/phishing_admiralswalk.comzipcasts_2711.png,1,phishing
data/phishing/phishing_swissitaly.comincludesphpmailerclass.pop3.php_1564.png,1,phishing
data/benign/genuine_facebook.comcraig.kilborn_1642.png,0,benign
data/benign/genuine_usshipstore.comshipnames.htm_284.png,0,benign
data/benign/genuine_about.reuters.comproductinfo_2333.png,0,benign
data/phishing/phishing_promoototemhabbobr.rel7.com_2837.png,1,phishing
data/phishing/phishing_gkjx168.comimages_189.png,1,phishing
data/phishing/phishing_living4u.80port.netzbdocfile.index.htmremax-securelogin_filesremax-secure_login__2528.png,1,phishing
data/phishing/phishing_mesautos.netArchArchArchive_2176.png,1,phishing
data/benign/genuine_fandango.comjeremysuarezfilmographyp330607_225.png,0,benign
data/benign/genuine_selu.edu_2592.png,0,benign
data/benign/genuine_forum.verygames.netshowthread.php_1001.png,0,benign
data/benign/genuine_kgnu.orglistingsdjpicks2005.html_2516.png,0,benign
data/phishing/phishing_ecolinks.com.sgSecuredfile_2388.png,1,phishing
data/benign/genuine_georgiasports.blogspot.com200905football-schedule-news-uga-vs-new.html_504.png,0,benign
data/benign/genuine_en.wikipedia.orgwikiGlo_band_524.png,0,benign
data/phishing/phishing_www.global-industry.rutemplatesgk_businesscss_223.png,1,phishing
data/benign/genuine_global.kyocera.comprdctsemiconindex2.html_1203.png,0,benign
data/benign/genuine_www.cdhnow.commw.asp_1539.png,0,benign
data/phishing/phishing_milangardeninn.comscriptdata_2983.png,1,phishing
data/benign/genuine_123people.comsshootybabbitt_1981.png,0,benign
data/benign/genuine_cricketdiane.wordpress.com20091012strange-conspiracy-in-a-land-of-freedom-honor-_190.png,0,benign
data/benign/genuine_lemonfree.commap.php_131.png,0,benign
data/benign/genuine_amyalcott.com_2883.png,0,benign
data/phishing/phishing_code.google.comaapache-extras.orgpphpmailer_2509.png,1,phishing
data/benign/genuine_linkedin.compubdirSouaid_1332.png,0,benign
data/phishing/phishing_tiny.ccxs4all-web-update_471.png,1,phishing
data/phishing/phishing_delphinph.comg76ub76_2461.png,1,phishing
data/phishing/phishing_gaseyes.compaypal.com.us-confirme.your.account.pay16ce0bdaaacb668abf638ec07733f3_1853.png,1,phishing
data/benign/genuine_musicvideoswiz.comartistJolie20Cherie_2599.png,0,benign
data/phishing/phishing_simpsons.freesexycomics.comwp06wp-includespo.php_2487.png,1,phishing
data/benign/genuine_coolhunting.comarchives200802ma_ke_wu_yong_u.php_1826.png,0,benign
data/phishing/phishing_www.conciencia.clskininstallPanel_1385.png,1,phishing
data/benign/genuine_fanbase.comMark-Chlebek_1389.png,0,benign
data/benign/genuine_whoswhosa.co.zakaizer-motaung-5324_611.png,0,benign
data/phishing/phishing_inkel.co.krimagessilvenegreusjeioeuanstreecantersiapaoalccistreaquaistreversolar_1598.png,1,phishing
data/benign/genuine_zoominfo.compeopleMacDonald_Brian_18626369.aspx_2778.png,0,benign
data/benign/genuine_www.devx.comcplus_352.png,0,benign
data/phishing/phishing_goo.glzzyYg_698.png,1,phishing
data/benign/genuine_findagrave.comphpfamous.php_2684.png,0,benign
data/phishing/phishing_cnajs.compicAgatha20Christiedropboxdropbox_44.png,1,phishing
data/benign/genuine_superchevy.comfeaturestruckselcaminosucp_0706_1984_chevy_el_caminoindex.html_69.png,0,benign
data/benign/genuine_fireislandartistresidency.org_2147.png,0,benign
data/benign/genuine_nosorigines.qc.cagenealogielistfirstname.aspx_1805.png,0,benign
data/benign/genuine_www.jacobsen.noandersthesis_434.png,0,benign
data/benign/genuine_shortfun.comjoely-fisher-14936_1468.png,0,benign
data/phishing/phishing_mowa.beimagesstoriesindexfilesloginenindex.html_2750.png,1,phishing
data/benign/genuine_scholastic.comblueballiettpopupswright3_franklloydwright.htm_1198.png,0,benign
data/benign/genuine_ourcampaigns.comCandidateDetail.html_30.png,0,benign
data/benign/genuine_nytimes.com19871108businessa-power-in-perfume-robin-burns-creating-obsession-and_2478.png,0,benign
data/benign/genuine_sharksahl.comstory.asp_342.png,0,benign
data/phishing/phishing_inspire-consultants.com.my487ygfh_4.png,1,phishing
data/benign/genuine_hockeygear.comsesiicehosk.html_371.png,0,benign
data/benign/www.tir.co.uk_27.png,0,benign
data/benign/genuine_sarodibartolo.itphg-show.htm_983.png,0,benign
data/phishing/phishing_gesansow.net3i9wk_535.png,1,phishing
data/benign/genuine_ranker.comlistcold-war-movies-and-filmsreference_531.png,0,benign
data/benign/genuine_tjsmithlaw.com_2980.png,0,benign
data/benign/genuine_hollywoodland.org_1.png,0,benign
data/phishing/phishing_asenergy.infile1document-word-space-drivefilewords_346.png,1,phishing
data/benign/genuine_slideshare.netsidleecomsid-lee-architecture-red-bull-hq_1577.png,0,benign
data/benign/genuine_ca.linkedin.compubpatrick-lamy-mba18571a76_518.png,0,benign
data/benign/genuine_www.stormpages.comccrackheads_1557.png,0,benign
data/benign/genuine_the-artists.orgartistArthur-Lismer_1300.png,0,benign
data/phishing/phishing_bridgeplacements.com98yh87nb6v4_550.png,1,phishing
data/benign/genuine_northernstars.caactorsabcbowles_cory.html_2712.png,0,benign
data/benign/genuine_facebook.compagesAllan-Melvin104016459635574_436.png,0,benign
data/benign/genuine_gov.state.la.usindex.cfm_1032.png,0,benign
data/benign/genuine_denver.orgtransportation_1202.png,0,benign
data/phishing/phishing_dedivan.ruindex.php_2622.png,1,phishing
data/phishing/phishing_australiansafetypartners.com.aubetamailer.php_1336.png,1,phishing
data/benign/genuine_umfa.utah.edu_1305.png,0,benign
data/phishing/phishing_vfqqgr1971.cba.pl_805.png,1,phishing
data/phishing/phishing_homeohealthclinic.comwp-includeswetransferwetransferkola.html_314.png,1,phishing
data/benign/genuine_chesnay.homestead.comfilesChesnayE-op87.htm_1351.png,0,benign
data/benign/genuine_www.rlaj.comscripts_1341.png,0,benign
data/phishing/phishing_unice.bralibaba4accountwww.telstra.com.aubillingactionpaymentonlinepaymentupdate_2916.png,1,phishing
data/phishing/phishing_sh4d0wxpl01tr.hoxty.com_2669.png,1,phishing
data/benign/genuine_ca.linkedin.compubwayne-nelsonb136169_584.png,0,benign
data/phishing/phishing_www.pspmrsmag.com874ghv3_974.png,1,phishing
data/phishing/phishing_paypal-activation.comubqptqibamsnklolqomyxrovqknviqlaxfuknoquugpvsnvmoysecure-co_319.png,1,phishing
data/phishing/phishing_mgotto.homepage.t-online.deHJghjb54_2784.png,1,phishing
data/benign/genuine_dcd.cacataloguethispassion.html_968.png,0,benign
data/benign/genuine_www.stm.infoEnglishmetroa-index.htm_1354.png,0,benign
data/phishing/phishing_stuheart.comgfzeimg_110.png,1,phishing
data/benign/genuine_www.avalanchepress.comgameRPC.html_1881.png,0,benign
data/benign/genuine_youtube.comartistLaurindo_Almeida_1025.png,0,benign
data/phishing/phishing_tribox.jpmailwebscr.php_1689.png,1,phishing
data/benign/genuine_renetrailer.cainfo2.htm_1672.png,0,benign
data/benign/genuine_batsu.orgviewtopic.php_1276.png,0,benign
data/benign/genuine_andrematos.nethotsite_2076.png,0,benign
data/benign/genuine_www.arturschneider.deldap.html_2565.png,0,benign
data/phishing/phishing_peypel.us.com.cgi.ngi.webscre.maps.logins.webaps.mba.homes.billings.activet.homa_2895.png,1,phishing
data/benign/genuine_answers.comtopicfrederick-twort_831.png,0,benign
data/benign/genuine_wikidoc.orgindex.phpHoward_Dully_991.png,0,benign
data/phishing/phishing_tattoo-studio.nl09yhbvt4_1893.png,1,phishing
data/benign/genuine_profectio.comlogibec-groupe-informatique-ltd-acquires-reps-software_1123.png,0,benign
data/benign/genuine_citizendia.orgKGO-TV_216.png,0,benign
data/phishing/phishing_naught.orgpicturesnewepic2016hovfee8193c9319b8be946ea456d7edd8c9al.php_768.png,1,phishing
data/benign/genuine_marketwire.compress-releaseenbridge-acquire-conocophillipss-interest-seaway-crud_1412.png,0,benign
data/benign/genuine_en.wikipedia.orgwiki2011_Buffalo_Bills_season_2859.png,0,benign
data/phishing/phishing_tsnwires.co.thtemplateskongoonlibrary_1059.png,1,phishing
data/phishing/phishing_ofenbinder.commediamambotssearchceoArchArchive_830.png,1,phishing
data/phishing/phishing_countysupervisors.orguploadsdoc.htm_2874.png,1,phishing
data/benign/sports.yahoo.com_47.png,0,benign
data/benign/genuine_celebrationnationentertainment.com_2578.png,0,benign
data/benign/genuine_lang-mekra.compro_300_series_aero.html_1197.png,0,benign
data/benign/genuine_dgrayman.wikia.comwikiKenichi_Suzumura_2087.png,0,benign
data/phishing/phishing_www.pure.com.trlibindex.php_744.png,1,phishing
data/benign/genuine_stsci.eduariessPublications.htm_720.png,0,benign
data/benign/genuine_chinatown-bus.org_2991.png,0,benign
data/benign/genuine_wordsdomination.comcegep.html_1866.png,0,benign
data/benign/genuine_liberalarts.udmercy.edunewsindex_print.htm_2846.png,0,benign
data/benign/genuine_icehockeymetrics.com_1272.png,0,benign
data/benign/genuine_facebook.comfkulan_2739.png,0,benign
data/phishing/phishing_dinogas.com.mxboletintextsalibaba21012015alibaba21012015666_2111.png,1,phishing
data/benign/genuine_education.comschoolfinderuscaliforniasan-franciscost-elizabeth-school_1880.png,0,benign
data/benign/genuine_www.createafreewebsite.netphpmysqlphpmysql_introduction.html_2730.png,0,benign
data/benign/genuine_kossanpaint.com_879.png,0,benign
data/phishing/phishing_www.babinet.czavatars19889hiresdir2be88885e75b34b9c574c6a4d45ebf56_1956.png,1,phishing
data/benign/genuine_lyricsmania.comkrizz_kaliko_lyrics.html_923.png,0,benign
data/benign/genuine_pview.findlaw.comview2600846_1_2559.png,0,benign
data/benign/genuine_freebase.comviewenstarrucca_viaduct_282.png,0,benign
data/benign/genuine_lasr.nettravelcity.php_292.png,0,benign
data/benign/genuine_strangemusicinc.netp31Big-Scoob-Monsterifik-Autographed-Posterproduct_info.html_1393.png,0,benign
data/benign/genuine_wn.comJapan_Airlines_Commercial_1045.png,0,benign
data/benign/genuine_nationalchamps.net2007earlybirdteamsnebraska.htm_2518.png,0,benign
data/benign/genuine_btbbids.comprinting_njsouth-jersey_printing_services_commercial.htm_2067.png,0,benign
data/benign/genuine_sports.yahoo.comnhlblogpuck_daddypostNHL-2010-11-Season-Preview-Wrestling-with-N_1797.png,0,benign
data/phishing/phishing_madiv.rupbzgphhj_2353.png,1,phishing
data/phishing/phishing_easvarahospital.comfilesdhlbe48c5996e4fc7dd9b6ddb3b9224079a_142.png,1,phishing
data/benign/genuine_whosdatedwho.comtpx_129991marla-pennington_645.png,0,benign
data/benign/genuine_congregations.urj.orgdisplay.cfm_309.png,0,benign
data/phishing/phishing_inpmall.comletsmallbdataupdatehandelsbankenupdatesecurebankinghandelsbankenLogin_143.png,1,phishing
data/benign/imdb.com_236.png,0,benign
data/benign/genuine_absoluteastronomy.comtopicsList_of_United_States_Coast_Guard_cutters_729.png,0,benign
data/benign/genuine_idolator.com6005502coldplay-mylo-xyloto-track-listing_737.png,0,benign
data/benign/genuine_ksn.comcontentsportslocalsportsstoryNewman-Announces-2010-11-Men-s-Basketball-Si_1070.png,0,benign
data/phishing/phishing_lovely-cards.dewp-adminusere4.php_340.png,1,phishing
data/benign/genuine_amazon.comOpera-Souvenirs-Emma-AlbanidpB00014K596_1261.png,0,benign
data/phishing/phishing_debmell.orgwp-contentthemesdebmellmrisactive.htm_1435.png,1,phishing
data/phishing/phishing_www.myconiancollection.grmykonos-luxury-hotels-villas_2128.png,1,phishing
data/benign/genuine_mediafire.com_2973.png,0,benign
data/benign/genuine_amazon.comBandwagon-Effects-High-Technology-Industriesdp0262681382_723.png,0,benign
data/phishing/phishing_www.cajetaslugo.comkayabestsysnot521499359863zipbillingonholdaccountid1549873219_1566.png,1,phishing
data/benign/genuine_people.famouswhy.comqueenie_watts_635.png,0,benign
data/benign/genuine_sourceforge.netprojectsphposxom_1394.png,0,benign
data/benign/genuine_global.omikron.netNoName_5_0.html_2700.png,0,benign
data/benign/genuine_associatedcontent.comarticle2201912007_nba_playoffs_who_will_take_this.html_2925.png,0,benign
data/benign/genuine_zoominfo.compeopleBC3A9rubC3A9_Yves_1312450814.aspx_479.png,0,benign
data/benign/genuine_fandango.comlilytomlinfilmographyp114336_1915.png,0,benign
data/benign/genuine_thecanadianencyclopedia.comindex.cfm_546.png,0,benign
data/phishing/phishing_gift2belgaum.com8fh34f3_966.png,1,phishing
data/phishing/phishing_richsportsmgmt.comadministratorhelpen-GBU.S.Bank.Securiy.Center.html_437.png,1,phishing
data/benign/genuine_theresedoucet.wordpress.com_1779.png,0,benign
data/phishing/phishing_www.asideal.comjs_1075.png,1,phishing
data/benign/genuine_www.ab-ratio.comuniface_2517.png,0,benign
data/benign/genuine_waltersfuneralhome.com_892.png,0,benign
data/phishing/phishing_immo.3x.rooirjm2_2483.png,1,phishing
data/benign/genuine_www.dsi.unive.itavi2006_2071.png,0,benign
data/benign/genuine_bluejackets.nhl.comclubnews.htm_1628.png,0,benign
data/phishing/phishing_laser-services.frdocument2d3eea152730062c3ba23c61d2c58ed4_1333.png,1,phishing
data/benign/genuine_linkedin.compubpierre-gauthier96889a7_2334.png,0,benign
data/phishing/phishing_shiguangyin.comdata_2138.png,1,phishing
data/phishing/phishing_zapfm.nlohn902b_2134.png,1,phishing
data/benign/genuine_counties.orgdefault.asp_575.png,0,benign
data/benign/genuine_en.wikipedia.orgwikiCategoryAlgonquian_loanwords_1928.png,0,benign
data/phishing/phishing_administrategia.coma7zwponu_2313.png,1,phishing
data/phishing/phishing_creallinno.plgetmasscache07eb33ff75da3c6efa4f7d786f1c098dtracking.php_1244.png,1,phishing
data/phishing/phishing_fest-tvorec.ruwww.paypal.co.ukencriptedssl218.siteindex.php_1709.png,1,phishing
data/benign/genuine_utopiaentertainment.comutopiastars.php_2378.png,0,benign
data/benign/genuine_youtube.comwatch_1209.png,0,benign
data/phishing/phishing_services-runescape-com-sm-forums.totalh.netmweblogin.loginform.ws-modwwwssl1reau_70.png,1,phishing
data/benign/genuine_sportsmemorabilia.complayerSteve_Alford_345.png,0,benign
data/benign/genuine_en.wikipedia.orgwiki1946E2809347_Houston_Cougars_men27s_basketball_team_2627.png,0,benign
data/phishing/phishing_thefashionmermaid.comdocinstructionsup_2107.png,1,phishing
data/benign/facebook.com_105.png,0,benign
data/benign/genuine_randsco.com_1004.png,0,benign
data/benign/genuine_rulesforthegame.com_2253.png,0,benign
data/benign/genuine_forums.digitalspy.co.ukshowthread.php_539.png,0,benign
data/benign/genuine_answers.yahoo.comquestionindex_2421.png,0,benign
data/phishing/phishing_lakestates.comlogrobrog7.php_2201.png,1,phishing
data/benign/genuine_legacy.comobituarieshoustonchronicleobituary.aspx_2793.png,0,benign
data/phishing/phishing_hqprocess.comwp-includescertificatesid858-332435867479786p1login.php_1827.png,1,phishing
data/benign/genuine_amazon.coms_1383.png,0,benign
data/phishing/phishing_textidea.comWorknewindex.php_1865.png,1,phishing
data/phishing/phishing_salisburyjc.com2l72hnm2_2286.png,1,phishing
data/benign/genuine_narutoforum.blogfree.net_339.png,0,benign
data/benign/genuine_youtube.comwatch_604.png,0,benign
data/benign/genuine_dailymotion.comvideoxfyamc_michele-scarabelli_shortfilms_1377.png,0,benign
data/benign/genuine_allhighschools.comschoolrapid-city-central-high-school1000000350_1273.png,0,benign
data/benign/genuine_isthisyour.namedirectoryfullnamesmawolverton.htm_1375.png,0,benign
data/benign/genuine_facebook.compeopleLeonard-Cohen100000440986869_1536.png,0,benign
data/benign/genuine_joincalifornia.comcandidate4735_559.png,0,benign
data/benign/genuine_answers.comtopiclouis-honor-fr-chette_1916.png,0,benign
data/benign/genuine_www.rexswain.comrexx.html_919.png,0,benign
data/phishing/phishing_devite.rulogs-FR-2016Ref-gouvlmpots.GOUV6b883bf93bdd5c97d096b1f02c5132b4_883.png,1,phishing
data/phishing/phishing_annakraktour.plWorldgucci2014gdocsprocessing.html_2060.png,1,phishing
data/benign/genuine_youtube.comwatch_59.png,0,benign
data/phishing/phishing_www.bjcurio.comjsindex.htm_1031.png,1,phishing
data/phishing/phishing_osscamp.plpoeosiasxskksweeoeidppdadoeiidas_7.png,1,phishing
data/benign/genuine_metal-videos.blogspot.com200701venom.html_134.png,0,benign
data/benign/genuine_painofsslvation.comband.rhtml_2506.png,0,benign
data/benign/genuine_nosorigines.qc.cagenealogielistfirstname.aspx_2048.png,0,benign
data/benign/genuine_corporationwiki.comCaliforniaSanta-Rosawerle-enterprises-llc47636040.aspx_708.png,0,benign
data/benign/genuine_ecoledecirque.comenservices-recreatifscamp-de-jour_2921.png,0,benign
data/phishing/phishing_battcave.netksrwo_465.png,1,phishing
data/phishing/easvarahospital.com_142.png,1,phishing
data/benign/genuine_wn.comquebec_energy_426.png,0,benign
data/benign/genuine_www.hironen.co.jpenindex.html_1614.png,0,benign
data/benign/genuine_photos.lucywho.coma-league-of-their-own-photos-t612041.html_2586.png,0,benign
data/benign/genuine_comingtotheunitedstates.blogspot.com_1624.png,0,benign
data/phishing/phishing_dailycoffeenews.comwp-adminuserremaxremaxindex.htm_2655.png,1,phishing
data/benign/genuine_taxi.comtransmitter0312musicbiz0312.html_1932.png,0,benign
data/benign/genuine_www.informit.comarticlesarticle.aspx_1339.png,0,benign
data/benign/genuine_riskybusinesses.com_847.png,0,benign
data/phishing/phishing_rtproductionsusa.comwp-includesimagessmiliesicon_gif.php_238.png,1,phishing
data/benign/genuine_associatedcontent.comarticle244564why_giant_monster_movies_dont_scare.html_1904.png,0,benign
data/benign/genuine_wn.comFrederick_Todd_2701.png,0,benign
data/benign/genuine_tools.ietf.orghtmlrfc1097_98.png,0,benign
data/benign/genuine_superpages.combpBerkley-MIRichard-P-Zipser-L0082531459.htm_74.png,0,benign
data/phishing/phishing_www.property-group.comphpMyBackupProexportitloginaccounttitolariloginpaypalunloc_2172.png,1,phishing
data/phishing/phishing_accsteamorigin.sells.com.uaakkauntyi-steamc1_2008.png,1,phishing
data/benign/genuine_obitwriters.orgObit20writer20C.html_757.png,0,benign
data/benign/fandango.com_230.png,0,benign
data/phishing/phishing_cndoubleegret.comadminsecurecmd-login870dcac37e414745bc4bf25f50508247_964.png,1,phishing
data/phishing/phishing_spotcampus.comwp-includesjsswfuploadpluginspaycadf4999908cfcdeae4e678d512cf3b434_368.png,1,phishing
data/benign/genuine_slammersillinois.comryandempster_1160.png,0,benign
data/benign/genuine_nejedly.cazn_publications.html_246.png,0,benign
data/phishing/phishing_paypal.account-update.orgmaxcgi-binindex.php_2621.png,1,phishing
data/phishing/phishing_www.qinxin.cnimagesindex.htm_508.png,1,phishing
data/benign/genuine_usatoday.comsportshockeychecking2006-12-17-jacques-demers_x.htm_2725.png,0,benign
data/phishing/phishing_pravo.org.ruwritedropboxdropboxactivity.vip.126.comvip.126.com.php_2617.png,1,phishing
data/benign/genuine_titansonline.comteamrosterKevin-Mawaea0539216-4836-40a7-9383-54016cc66ac7_2021.png,0,benign
data/benign/genuine_monsterindia.com_1990.png,0,benign
data/phishing/phishing_ttd.co.thttd.co.ths78zc63_1606.png,1,phishing
data/phishing/phishing_twitter.comwAzADUA_2672.png,1,phishing
data/benign/genuine_cruisecritic.comreviewsreview.cfm_2953.png,0,benign
data/benign/genuine_wpboston.comluxury_buildingsconstellation-wharf_568.png,0,benign
data/benign/genuine_music.yahoo.coma-static-lullabyvideos_972.png,0,benign
data/benign/genuine_officegamespot.comflashgamescanabalt.htm_1757.png,0,benign
data/phishing/phishing_tsnwires.co.thtemplateskongoonlibrary_824.png,1,phishing
data/phishing/phishing_pastebin.comraw5J4hc8gT_838.png,1,phishing
data/benign/genuine_associatedcontent.comarticle2296673texasoklahoma_football_game_2009_game.html_1029.png,0,benign
data/benign/genuine_jewishdatabank.orgstudy_canada_montreal.asp_1610.png,0,benign
data/benign/genuine_fandango.comjohncolicosfilmographyp14139_2658.png,0,benign
data/phishing/phishing_rcchaloupka.czadminspaw_327.png,1,phishing
data/benign/genuine_snooth.comwinerycharles-b-mitchell-vineyards-fair-play_1806.png,0,benign
data/benign/genuine_cio.com.auarticle325323cio_blast_from_past_40_years_multics_1969-2009_1036.png,0,benign
data/benign/genuine_foxbusiness.compersonal-finance20110214qa-bankruptcy-lawyer-ted-connolly-author-_411.png,0,benign
data/benign/genuine_2010games.nytimes.comeventsfreestyle-skiingwomens-mogulsresults.html_1835.png,0,benign
data/benign/genuine_comedians.jokes.comrichard-pryorbio_2324.png,0,benign
data/benign/genuine_streema.comradiosCINI_2163.png,0,benign
data/phishing/j.gs_158.png,1,phishing
data/phishing/phishing_theweekendtraveller.comwp-contentxmlrpc.php_2548.png,1,phishing
data/benign/genuine_charliehuston.com_1917.png,0,benign
data/phishing/phishing_pastehtml.comviewbft8b9yy6.html_2582.png,1,phishing
data/phishing/www.babinet.cz_192.png,1,phishing
data/phishing/phishing_topbodas.comwp-contentthemestopbodassecurity-paypalsecuritypplogin.htm_343.png,1,phishing
data/phishing/phishing_syssccountupgradede.beep.comfilessysupg.html_2488.png,1,phishing
data/benign/genuine_facebook.comlorenzo.lynch_2556.png,0,benign
data/phishing/phishing_royalcrowncollege-my.sharepoint.compersonalinfo_royalcrowncollege_com_layouts15g_2035.png,1,phishing
data/phishing/phishing_veganvet.net_727.png,1,phishing
data/benign/genuine_powells.combiblio1-9780140178777-0_1955.png,0,benign
data/phishing/phishing_sumeyemozlen.blogcu.com_1274.png,1,phishing
data/benign/genuine_filmationghostbusters.wikia.comwikiLarry_Storch_1739.png,0,benign
data/phishing/phishing_dehomefurniture.comfilesget_msg.html_218.png,1,phishing
data/phishing/phishing_teknidataconsultores.comvy05sk_2447.png,1,phishing
data/phishing/lookbookinghotels.ws_240.png,1,phishing
data/phishing/phishing_ozzu.dewdxzw_2785.png,1,phishing
data/benign/genuine_events.sfgate.comoakland-cavenuesshow28025-elihu-m-harris-state-of-california-of_2081.png,0,benign
data/benign/genuine_en.wikipedia.orgwikiRemstar_Corporation_1411.png,0,benign
data/benign/genuine_www.wiley.combwjournal.asp_1171.png,0,benign
data/benign/genuine_stores.ebay.comJOHNNYSVILLEARASHI-_i.html_495.png,0,benign
data/phishing/phishing_awesomebytes.com11kChase_Online.htm_2416.png,1,phishing
data/benign/genuine_dbpedia.orgpageBill_Ellerington_330.png,0,benign
data/benign/genuine_cookanddate.comconcept.php_2473.png,0,benign
data/benign/genuine_flickr.comphotosfloridamemory3341375526_1782.png,0,benign
data/benign/genuine_spokeo.comMicheleGrossman_958.png,0,benign
data/benign/genuine_en.memory-alpha.orgwikiPatricia_Tallman_2151.png,0,benign
data/benign/genuine_sell.com258FF9_2479.png,0,benign
data/benign/genuine_ehow.comlist_6137088_list-alpha-kappa-alpha-scholarships.html_156.png,0,benign
data/phishing/phishing_doubtclear.comimagescp.php_2947.png,1,phishing
data/benign/genuine_scotch-whisky.org.ukswa224.html_913.png,0,benign
data/phishing/phishing_bitly.comSZeE9d_650.png,1,phishing
data/benign/genuine_youtube.comwatch_2268.png,0,benign
data/benign/genuine_en.wikipedia.orgwikiCategoryAmerican_Jews_1091.png,0,benign
data/benign/genuine_youtube.comwatch_1219.png,0,benign
data/phishing/phishing_claywrites.comwp-contentthemesusprocessing.html_2744.png,1,phishing
data/benign/genuine_vimeo.com9156541_217.png,0,benign
data/phishing/phishing_qitmall.comprevviesdetails.html_895.png,1,phishing
data/benign/genuine_findarticles.comparticlesmi_m0EUYis_48_4ai_53457375_861.png,0,benign
data/benign/genuine_wn.comBritish_royalty_2376.png,0,benign
data/phishing/phishing_sextase.rusystemlogsfinanceNewUserLoginsign-in_2246.png,1,phishing
data/benign/genuine_juabhigh.comnewpage1.htm_1706.png,0,benign
data/benign/genuine_123people.comawayneedwards_2546.png,0,benign
data/benign/genuine_wn.comBetty_Grable_2894.png,0,benign
data/phishing/phishing_www.babinet.czavatars19889hiresdir950bfa31df7949b609037a63b5509bc2_192.png,1,phishing
data/benign/genuine_tools.ietf.orghtmlrfc1773_1386.png,0,benign
data/benign/genuine_spoke.comdirpstarkerobert_1847.png,0,benign
data/benign/genuine_tshaonline.orghandbookonlinearticleshnf35_545.png,0,benign
data/benign/genuine_en.wikipedia.orgwikiErnest_Truex_1901.png,0,benign
data/phishing/phishing_www.yohook.cnbbsjs_2015.png,1,phishing
data/phishing/www.dorotakatende.com_171.png,1,phishing
data/benign/genuine_pipl.comdirectorynameBeaudoin_2854.png,0,benign
data/phishing/phishing_best-targeted-traffic.cominst1.exe_2441.png,1,phishing
data/benign/superpages.com_74.png,0,benign
data/benign/manta.com_87.png,0,benign
data/benign/genuine_en.wikipedia.orgwikiYanick_Dupre_Memorial_Award_1987.png,0,benign
data/benign/genuine_caldercats.comgerrard_linkssamuel-awg-brother.html_1089.png,0,benign
data/benign/genuine_absoluteastronomy.comtopicsTV5MONDE_11.png,0,benign
data/benign/genuine_www.rumormillnews.comcgi-binarchive.cgi_2234.png,0,benign
data/benign/genuine_123people.comsfrancoisbailly_1254.png,0,benign
data/benign/genuine_carbodyparts.netoldsmobile-delta_88-inventory.html_1441.png,0,benign
data/benign/genuine_boxrec.comlist_bouts.php_2923.png,0,benign
data/benign/genuine_nibs.com_41.png,0,benign
data/benign/citizendia.org_6.png,0,benign
data/benign/genuine_ca.finance.yahoo.comq_461.png,0,benign
data/phishing/visbymaklarna.se_49.png,1,phishing
data/benign/acronyms.thefreedictionary.com_200.png,0,benign
data/benign/genuine_amazon.comBlackening-Machine-HeaddpB000N3ST9I_2250.png,0,benign
data/benign/genuine_abcnews.go.comWNTstory_601.png,0,benign
data/benign/genuine_findsportsnow.comsportslisting63184th-annual-broadway-bridge-run_749.png,0,benign
data/benign/genuine_usa-people-search.comFind-David-Mello.aspx_567.png,0,benign
data/phishing/phishing_calambamisocc.gov.phlibrariesjoomlagoogleembed_1396.png,1,phishing
data/benign/genuine_prnewswire.comnews-releasesfire-smoke-coalition-applauds-congressional-fire-serv_43.png,0,benign
data/phishing/phishing_walkerandhall.co.ukvdG76VUY76rjnu_2665.png,1,phishing
data/phishing/phishing_infrared.comd_623.png,1,phishing
data/benign/genuine_browermillercole.com_2119.png,0,benign
data/benign/genuine_archive.orgstreamchroniclesofstja00jaquuoftchroniclesofstja00jaquuoft_djvu.txt_1208.png,0,benign
data/benign/genuine_icelebz.comSh-list.html_1280.png,0,benign
data/benign/genuine_docstoc.comdocs63437722000_Oklahoma_Sooners_football_team_488.png,0,benign
data/benign/genuine_en.wikipedia.orgwikiTilley_lamp_1074.png,0,benign
data/phishing/phishing_mncsskcxn.blogspot.com_1666.png,1,phishing
data/phishing/phishing_cndoubleegret.comadminsecurecmd-login68db6b963702a368c839f9c95c05b69c_295.png,1,phishing
data/benign/genuine_markets.financialcontent.comstocksnewsread18646071Overstock.com_Unveils_O.co_Col_2454.png,0,benign
data/benign/genuine_en.wikipedia.orgwikiSofa_Canadian_band_417.png,0,benign
data/phishing/phishing_cn.chiculture.net0309policyimages_1615.png,1,phishing
data/benign/genuine_baseball-almanac.comteamstatsroster.php_1530.png,0,benign
data/benign/genuine_thedieselshop.usINDEXSL-OS.html_2402.png,0,benign
data/benign/genuine_irishfa.comnewsitem3184carnegie-schools-cup-finals_1238.png,0,benign
data/phishing/phishing_www.kaptendemir.comjekupost.php_2634.png,1,phishing
data/benign/genuine_censusonline.usbrowseALBRIGHT_511.png,0,benign
data/benign/autopartswarehouse.com_101.png,0,benign
data/phishing/phishing_www.bl35.orgimages_2884.png,1,phishing
data/benign/genuine_southtexascollege.edu_2375.png,0,benign
data/phishing/phishing_voxcc.comtejedatemplatesbaseelementindex.htm_646.png,1,phishing
data/benign/genuine_thespec.comprintarticle545487_775.png,0,benign
data/benign/genuine_spokeo.comElizabethMacarthur_93.png,0,benign
data/benign/genuine_facebook.comArtsKC_1153.png,0,benign
data/benign/genuine_watchdog.netstaticindex06index_13699.html_752.png,0,benign
data/phishing/phishing_colleenthestylist.comrdrfp_2795.png,1,phishing
data/phishing/phishing_serviciospyme.clwp-contentthemesredifyremaxindex.htm_338.png,1,phishing
data/phishing/inpmall.com_143.png,1,phishing
data/benign/genuine_mbbp.comattorneyssteele_jeffrey.html_2662.png,0,benign
data/phishing/phishing_canonsupervideo4k.ws2sye3alf_2736.png,1,phishing
data/benign/genuine_facebook.compagesSubTropolis-Storage123608557683864_1844.png,0,benign
data/benign/genuine_basketballrecruiting.rivals.comcontent.asp_2230.png,0,benign
data/phishing/phishing_lokum1985.republika.pl78yhuinFYs_2243.png,1,phishing
data/benign/genuine_rnb4u.insearch-mora_462.png,0,benign
data/phishing/phishing_privatteodontologia.com.brsenderGoldencatGoldencatauthviewdocumentindex.html_733.png,1,phishing
data/phishing/phishing_webdav1.storegate.comuwiq175homeuwiq175_474.png,1,phishing
data/phishing/phishing_paronleather.comvqp0onp_1251.png,1,phishing
data/phishing/phishing_ingservice.ro845yfgh_1423.png,1,phishing
data/phishing/phishing_merrepenarts.com.auwp-contentthemestwentytenlanguages6511_777.png,1,phishing
data/phishing/phishing_broadmoorstorage.comq9ik3k3k21oo029ss8sauascofirmuk.php_491.png,1,phishing
data/benign/genuine_flickr.compeoplejordancurtis_169.png,0,benign
data/benign/genuine_mzyuos.typepad.comblog201111new-two-weeks-to-live-movie.html_427.png,0,benign
data/phishing/phishing_annakraktour.plWorldgucci2014gdocsprocessing.html_1415.png,1,phishing
data/benign/cricketdiane.wordpress.com_190.png,0,benign
data/benign/genuine_oac.cdlib.orgview_2566.png,0,benign
data/phishing/phishing_writingcommons.org_1352.png,1,phishing
data/benign/genuine_wachovia.comcheckingchecking.html_2400.png,0,benign
data/benign/genuine_pipl.comdirectorypeoplePaulineBujold_606.png,0,benign
data/benign/genuine_facebook.compeopleDavid-Meagher1544959165_1923.png,0,benign
data/benign/genuine_yesontheprize.blogspot.com2008091923-24-with-morenz-comes-second-cup.html_656.png,0,benign
data/phishing/phishing_9d345009-a-62cb3a1a-s-sites.googlegroups.comsitestickamcomlogindologin.html_1118.png,1,phishing
data/benign/itox.com_208.png,0,benign
data/phishing/phishing_chat-real-webcam1.blogspot.com_2344.png,1,phishing
data/phishing/phishing_tiny.cccartasi-it_2829.png,1,phishing
data/phishing/phishing_droliachemical.comremremaxindex.htm_1199.png,1,phishing
data/benign/genuine_linkedin.compubtodd-hoppe1934507_2171.png,0,benign
data/phishing/phishing_actioninterior.comaccounte-verifiedsecure-code6home8bac043b170054c270f6cfc44709a_1139.png,1,phishing
data/benign/genuine_isthisyour.namedirectoryfullnamesmagirard.htm_1552.png,0,benign
data/benign/genuine_usa-people-search.comFind-Carla-Brown-IA.aspx_3.png,0,benign
data/phishing/phishing_astuin.orguygfsdfaosaosaosindex.htm_48.png,1,phishing
data/benign/genuine_washingtonexaminer.comnews201111safrica-top-politician-faces-bribery-accusations_1136.png,0,benign
data/benign/usa-people-search.com_3.png,0,benign
data/benign/genuine_ecampsite.comcampgroundsalpha.php_1960.png,0,benign
data/benign/genuine_wheresbest.co.ukloc-searchgc153_273.png,0,benign
data/benign/genuine_tools.ietf.orghtmlrfc2896_1829.png,0,benign
data/benign/genuine_www.webreference.comxmlcolumn54_618.png,0,benign
data/benign/genuine_abebooks.com9780495110484Cosmos-Astronomy-New-Millennium--basic-0495110485plp_949.png,0,benign
data/phishing/phishing_firstchoiceok.comlaw1index_2011.png,1,phishing
data/benign/genuine_en.wikipedia.orgwiki2010_Canadian_Grand_Prix_1479.png,0,benign
data/benign/genuine_en.wikipedia.orgwikiWalter_Stull_374.png,0,benign
data/benign/genuine_publicrecords.compeople-search-recordsheather-floyd_2299.png,0,benign
data/phishing/phishing_zxpos.nettplChatnuchinucahsichimocalaibancagtzatocamlaizanfotolaiavas.html_2315.png,1,phishing
data/benign/genuine_answers.comtopicsabas_1099.png,0,benign
data/phishing/phishing_freeregisters14.blogspot.com_395.png,1,phishing
